id,chapter,question,option1,option2,option3,option4,correctAnswer,rationale
Question 1,Chapter 27,"Two days after hip surgery, a client suddenly develops dyspnea, pain with inspiration, RR 32/min, and SpO2 87%. Which action should the nurse take first?","Activate urgent assistance, support oxygenation, and assess for pulmonary embolism",Massage the operative-side calf to improve venous return,Arrange routine discharge teaching about postoperative activity,Encourage incentive spirometry and reassess after the next analgesic dose,A,"Sudden dyspnea, pleuritic pain, tachypnea, and hypoxemia after surgery suggest PE. Immediate oxygenation and escalation take priority over routine postoperative care. Calf massage is inappropriate when thromboembolism is suspected. (Sources: Chapter 27 slides and teacher outline: Pulmonary embolism: recognition and nursing priorities.)"
Question 2,Chapter 27,Which client has the strongest combination of risk factors for pulmonary embolism?,A client with stable anemia who is ambulatory and has no recent surgery,"A client with active malignancy, a previous DVT, and several days of immobility",A client with controlled hypertension who walks independently after cataract surgery,A client with mild asthma who exercises daily and has no VTE history,B,"Malignancy, previous VTE, and immobility each increase thromboembolic risk. Their combination outweighs the risk patterns described in the other clients. The outline emphasizes recognizing cumulative risk rather than relying on one isolated diagnosis. (Sources: Chapter 27 slides and teacher outline: Pulmonary embolism: risk factors.)"
Question 3,Chapter 27,A client with a large PE has right ventricular dilation and falling BP. Which mechanism best explains these findings?,Pulmonary arterial obstruction raises right ventricular afterload and can reduce forward flow,Pulmonary arterial obstruction lowers pulmonary resistance and causes systemic vasodilation,The embolus blocks airflow in the trachea and eliminates negative intrathoracic pressure,The embolus directly destroys the left ventricular myocardium and causes a primary LV infarction,A,"A pulmonary arterial clot increases pulmonary vascular resistance. The right ventricle must pump against this load and may fail, decreasing flow to the left heart and systemic circulation. PE is a perfusion obstruction, not a tracheal obstruction. (Sources: Chapter 27 slides and teacher outline: Pulmonary embolism: pathophysiology.)"
Question 4,Chapter 27,The nurse explains why oxygenation falls in PE even though air still reaches some affected alveoli. Which explanation is best?,The clot slows breathing by directly suppressing the brainstem respiratory center,The embolus fills every alveolus with blood and prevents all lung expansion,Blood flow through those alveoli increases while ventilation stops completely,Those alveoli remain ventilated but receive insufficient blood flow for gas exchange,D,"PE creates areas that are ventilated but poorly perfused, increasing dead-space ventilation and V/Q mismatch. Overall oxygenation can deteriorate even though air enters the lungs. The other explanations describe different mechanisms. (Sources: Chapter 27 slides and teacher outline: Pulmonary embolism: V/Q mismatch.)"
Question 5,Chapter 27,A hemodynamically stable client has suspected PE and no contraindication to iodinated contrast. Which ordered study most directly evaluates the pulmonary arteries for an embolus?,CT pulmonary angiography,An abdominal ultrasound,A plain chest x-ray alone,A routine noncontrast head CT,A,CT pulmonary angiography evaluates pulmonary arterial obstruction and is the diagnostic imaging emphasized in the outline. Chest radiography can identify competing causes of symptoms but does not directly exclude or establish PE by itself. (Sources: Chapter 27 slides and teacher outline: Pulmonary embolism: diagnosis.)
Question 6,Chapter 27,"A client with PE receives IV unfractionated heparin. The aPTT is above the protocol range, new melena appears, and hemoglobin falls. Which response is best?",Wait until the next shift to determine whether the hemoglobin continues falling,Increase the dose because black stool indicates that the pulmonary clot is dissolving,Continue the infusion because all prolonged aPTT values indicate effective therapy,Hold the infusion according to the bleeding protocol and notify the provider immediately,D,Excess anticoagulation with melena and falling hemoglobin suggests significant bleeding. Follow the bleeding protocol and obtain prompt evaluation. A therapeutic laboratory effect must be distinguished from an excessive effect with clinical harm. (Sources: Chapter 27 slides and teacher outline: Pulmonary embolism: anticoagulation monitoring and bleeding precautions.)
Question 7,Chapter 27,"A client with PE asks, ""Will heparin immediately dissolve the clot in my lung?"" Which response is most accurate?",It prevents bleeding from the clot while allowing the clot to continue growing,It removes the clot by increasing the force of right ventricular contraction,It limits further clot formation and growth while your body works to clear the clot,It immediately breaks down the clot in the same way as a fibrinolytic drug,C,"Heparin is an anticoagulant, not a thrombolytic. Its role is to inhibit propagation and additional clot formation. The distinction matters when evaluating response and understanding why symptoms may not disappear immediately. (Sources: Chapter 27 slides and teacher outline: Pulmonary embolism: treatment; study guide: heparin.)"
Question 8,Chapter 27,A client with recent PE develops major active bleeding that temporarily prevents anticoagulation. The team considers an IVC filter. Which explanation best describes its intended role?,It intercepts emboli traveling from lower-body veins toward the lungs in selected patients,It opens blocked pulmonary arteries by inflating a balloon inside the right ventricle,It corrects the bleeding disorder so full-dose anticoagulation can always continue,It dissolves the existing pulmonary clot and permanently eliminates all VTE risk,A,"An IVC filter can reduce migration of lower-body venous thrombi in selected circumstances, such as when anticoagulation cannot be given. It neither dissolves an existing PE nor guarantees that future clots will not occur. (Sources: Chapter 27 slides and teacher outline: Pulmonary embolism: IVC filter and selected interventions.)"
Question 9,Chapter 27,"A client being treated for PE becomes confused with BP 76/42 mm Hg, HR 136/min, and rapidly falling oxygen saturation. Which plan is appropriate?",Delay intervention until the next coagulation result confirms treatment failure,Ambulate the client to improve pulmonary blood flow before notifying the team,Continue routine observations because tachycardia is expected during anticoagulation,Initiate emergency escalation and prepare for resuscitation and definitive treatment,D,"Shock, altered mentation, and worsening hypoxemia indicate life-threatening deterioration. PE can cause acute right-heart failure and circulatory collapse. Emergency support and evaluation for advanced treatment must not wait for routine laboratory monitoring. (Sources: Chapter 27 slides and teacher outline: Pulmonary embolism: readiness for rapid deterioration.)"
Question 10,Chapter 27,A client recovering from PE describes the discharge plan. Which statement requires correction?,I will stop my anticoagulant as soon as I can walk without getting short of breath,I will report unusual bleeding and follow the prescribed medication schedule,I will seek urgent help for sudden breathlessness or recurrent pleuritic chest pain,I will take movement breaks during prolonged travel as my activity plan allows,A,"Improved symptoms do not determine the prescribed anticoagulation duration. Stopping independently may expose the client to recurrence. Symptom recognition, bleeding precautions, adherence, and reducing immobility fit the chapter teaching priorities. (Sources: Chapter 27 slides and teacher outline: Pulmonary embolism: teaching and recurrence prevention.)"
Question 11,Chapter 27,"A client with pneumonia has pH 7.46, PaCO2 33 mm Hg, and PaO2 49 mm Hg on supplemental oxygen. Which problem is most directly demonstrated?",Normal oxygenation with anxiety as the only abnormality,Acute hypoxemic respiratory failure with inadequate oxygenation,Isolated hypercapnic respiratory failure from CO2 retention,Metabolic acidosis as the primary explanation for the low oxygen level,B,"The markedly low PaO2 demonstrates an oxygenation problem. The PaCO2 is low, not elevated, so this is not isolated CO2 retention. Tachypnea may lower PaCO2 while serious hypoxemia persists. (Sources: Chapter 27 slides and teacher outline: Acute respiratory failure: hypoxemic versus hypercapnic.)"
Question 12,Chapter 27,"After excessive opioid exposure, a client breathes 6 times/min and is difficult to arouse. ABGs show pH 7.22 and PaCO2 68 mm Hg. Which action addresses the immediate physiologic failure?",Increase oxygen alone and wait for the respiratory rate to recover spontaneously,Treat the low pH as a nutritional problem and request an enteral feeding order,Support ventilation and activate emergency treatment for inadequate breathing,Coach deep breathing after allowing the client to finish sleeping,C,"Bradypnea, depressed consciousness, and CO2 retention indicate inadequate ventilation. Oxygen alone does not restore CO2 elimination or reliable breathing. The nurse must support the airway and ventilation and activate urgent cause-specific treatment. (Sources: Chapter 27 slides and teacher outline: Acute respiratory failure: hypercapnic failure and escalation.)"
Question 13,Chapter 27,"A client with respiratory failure develops headache, confusion, and increasing drowsiness as PaCO2 rises. Which interpretation is best?",The headache establishes pulmonary embolism without further assessment,The neurologic changes prove that oxygen delivery has returned to normal,CO2 retention is affecting the brain and may signal worsening ventilatory failure,The symptoms are expected signs of recovery after prolonged tachypnea,C,"The outline links hypercapnia to headache, confusion, and reduced consciousness, in part through cerebral vasodilation. These changes warrant reassessment and escalation; they should not be dismissed as fatigue or assumed recovery. (Sources: Chapter 27 slides and teacher outline: Acute respiratory failure: hypercapnia manifestations.)"
Question 14,Chapter 27,"A client with unilateral left-lung pneumonia remains hypoxemic. The right lung is well aerated, and there are no positioning restrictions. Which lateral position should the nurse trial while monitoring response?",Left side down,Right side down,Supine with the head flat,Prone solely because every unilateral process requires proning,B,"For unilateral disease, placing the better-functioning lung down can direct more perfusion to better-ventilated lung and improve V/Q matching. In this case that is the right side. Response must be monitored; this differs from the bilateral ARDS proning strategy. (Sources: Chapter 27 slides and teacher outline: Acute respiratory failure: good lung down.)"
Question 15,Chapter 27,"A client with acute hypoxemia is assessed, receives prescribed oxygen, and is positioned to support breathing. SpO2 stays at 84%, accessory muscle use increases, and speech is limited to single words. What comes next?",Continue the same interventions for another hour before reassessment,Start discharge breathing exercises before contacting the provider,Escalate immediately and prepare for advanced ventilatory support,Remove oxygen briefly to determine the untreated baseline saturation,C,"Persistent hypoxemia with increasing work of breathing means the initial support is inadequate. The outline calls for escalation when assessment, oxygenation, and positioning do not improve the client. Waiting risks exhaustion and respiratory arrest. (Sources: Chapter 27 slides and teacher outline: Acute respiratory failure: priority action sequence.)"
Question 16,Chapter 27,"A client initially breathes 36 times/min with marked effort. Later, breathing becomes shallow at 12/min, PaCO2 rises, and the client becomes difficult to awaken. Which conclusion is most appropriate?",The client has completed compensation and now requires less monitoring,The lower respiratory rate confirms recovery because it is within the normal range,The rising PaCO2 proves that supplemental oxygen is no longer necessary,Respiratory muscle fatigue may be causing worsening ventilation despite the lower rate,D,"A lower rate is not reassuring when breathing is shallow, CO2 rises, and consciousness declines. The combined trend suggests ventilatory exhaustion and requires urgent support. Evaluate effective ventilation, not respiratory rate in isolation. (Sources: Chapter 27 slides and teacher outline: Acute respiratory failure: evolving clinical cues.)"
Question 17,Chapter 27,"A client has a weak cough, retained secretions, coarse breath sounds, and declining oxygen saturation. Which action is most directly targeted to this reversible contributor to respiratory failure?",Treat the saturation alone without assessing the airway or breath sounds,Increase enteral feeding to reduce the work required for breathing,Restrict all repositioning to prevent movement of the retained secretions,Assess airway patency and clear secretions with indicated suctioning and support,D,Retained secretions can obstruct ventilation. Airway assessment and indicated secretion clearance address that cause while oxygenation is supported. Nutrition and immobility do not remove an airway obstruction. (Sources: Chapter 27 slides and teacher outline: Acute respiratory failure: airway assessment and secretion management.)
Question 18,Chapter 27,"After treatment for acute respiratory failure, which finding best supports improvement?",A lower respiratory rate with rising PaCO2 and progressively shallow breathing,Better gas exchange together with alert mentation and increasing tolerance of baseline activities,Normal pulse oximetry achieved only by continually increasing oxygen while mentation worsens,Less reported breathlessness because the client is now too drowsy to answer questions,B,"Improvement should include objective gas exchange and functional recovery, not just one monitor value. Increasing support, CO2 retention, or declining alertness indicate unresolved or worsening failure. (Sources: Chapter 27 slides and teacher outline: Acute respiratory failure: evaluating outcomes.)"
Question 19,Chapter 27,"A client develops severe hypoxemia and bilateral infiltrates two days after sepsis. Oxygenation remains poor despite high FiO2, and cardiac failure does not explain the edema. Which condition is most likely?",Uncomplicated unilateral pneumothorax,Stable chronic bronchitis without an acute process,Acute respiratory distress syndrome,Isolated hyperventilation from anxiety,C,"Acute onset after a major inflammatory insult, bilateral opacities, and refractory hypoxemia support ARDS when cardiac failure does not explain the picture. A unilateral pleural process or anxiety alone does not account for these combined findings. (Sources: Chapter 27 slides and teacher outline: ARDS: risk factors and diagnostic hallmark.)"
Question 20,Chapter 27,"Early in ARDS, protein-rich fluid enters alveoli and surfactant function is impaired. Which consequence should the nurse anticipate?",Isolated systemic venous pooling with normal alveolar gas exchange,Alveolar collapse and impaired oxygen transfer from increased permeability,Immediate reversal of hypoxemia because fluid carries oxygen into alveoli,Improved lung compliance because alveolar fluid prevents collapse,B,"The exudative phase disrupts the alveolar-capillary barrier. Fluid and surfactant dysfunction promote collapse and worsen oxygen transfer. This is permeability-related lung injury, not improved compliance. (Sources: Chapter 27 slides and teacher outline: ARDS: exudative phase; study guide Part I.)"
Question 21,Chapter 27,A client remains ventilator dependent as ARDS progresses. Repair activity and fibroblast proliferation thicken the gas-exchange barrier. Which phase best fits this description?,Complete resolution phase with normal diffusion,Initial exudative phase before any repair begins,Proliferative phase,A phase defined by pulmonary arterial embolization,C,"The proliferative phase involves repair and fibroblast activity. Thickening of the barrier can sustain diffusion impairment. Phase identification depends on the pathophysiology, not merely the number of days hospitalized. (Sources: Chapter 27 slides and teacher outline: ARDS: three phases; study guide Part I.)"
Question 22,Chapter 27,A client with prolonged ARDS develops extensive pulmonary scarring and markedly stiff lungs. Which change best explains the continued ventilatory difficulty?,Increased surfactant production permanently closes the pulmonary arteries,Venous valve failure reduces airway resistance and causes hyperinflation,Fibrotic remodeling reduces compliance and limits lung expansion,Resolution of inflammation makes the lungs too compliant to ventilate,C,"Fibrotic remodeling makes the lungs less compliant, so more pressure may be needed to deliver a given volume. Extensive scarring can leave persistent restrictive dysfunction. The other mechanisms do not explain the fibrotic phase. (Sources: Chapter 27 slides and teacher outline: ARDS: fibrotic phase; study guide Part I.)"
Question 23,Chapter 27,A ventilated client meeting the other ARDS criteria has PaO2 60 mm Hg on FiO2 0.40 and PEEP 8 cm H2O. What is the P/F ratio and severity category?,400; no oxygenation impairment,150; moderate ARDS,24; severe ARDS,240; mild ARDS,B,"P/F = 60 / 0.40 = 150. With the stated ARDS criteria and PEEP, this lies in the moderate range, greater than 100 through 200. FiO2 must be expressed as a decimal. (Sources: Chapter 27 slides and teacher outline: ARDS: P/F calculation and interpretation.)"
Question 24,Chapter 27,A ventilated client with ARDS has PaO2 64 mm Hg on FiO2 0.80 and PEEP 10 cm H2O. Which interpretation is correct?,"P/F ratio 80, consistent with severe oxygenation impairment","P/F ratio 51.2, consistent with normal oxygenation","P/F ratio 800, consistent with resolved ARDS","P/F ratio 125, consistent with mild ARDS",A,64 / 0.80 = 80. A ratio this low fits severe ARDS in the stated setting. Multiplying PaO2 by FiO2 or using 80 instead of 0.80 gives an incorrect result. (Sources: Chapter 27 slides and teacher outline: ARDS: P/F calculation and severity.)
Question 25,Chapter 27,Yesterday an ARDS client had PaO2 72 on FiO2 0.80. Today PaO2 is 70 on FiO2 0.40 with comparable PEEP. Which conclusion is best?,There was no change because both PaO2 values are close to 70,Oxygenation efficiency improved because the P/F ratio rose from 90 to 175,The P/F ratio fell because the oxygen concentration was reduced,Oxygenation worsened because PaO2 fell by 2 mm Hg regardless of FiO2,B,Yesterday 72 / 0.80 = 90; today 70 / 0.40 = 175. Maintaining a similar PaO2 on much less inspired oxygen supports improvement. PaO2 must be interpreted with the support required to obtain it. (Sources: Chapter 27 slides and teacher outline: ARDS: evaluate FiO2 wean and P/F trend.)
Question 26,Chapter 27,An ARDS client has predicted body weight 60 kg and actual weight 100 kg. The prescribed tidal volume is 6 mL/kg predicted body weight. Which setting matches the order?,"1,000 mL",720 mL,600 mL,360 mL,D,6 x 60 = 360 mL. Lung-protective tidal volume is based on predicted body weight rather than actual weight. Using actual weight here would deliver 600 mL and exceed the stated prescription. (Sources: Chapter 27 slides and teacher outline: ARDS: lung-protective low tidal volume; study guide Part I.)
Question 27,Chapter 27,A family member asks why a client with severe bilateral ARDS is placed prone. Which explanation is most accurate?,Proning drains a pulmonary arterial clot into the systemic circulation,Proning permanently reverses fibrosis after a single positioning session,Proning removes the need to monitor airway pressure or arterial blood gases,Proning can recruit poorly aerated lung regions and improve ventilation-perfusion matching,D,"Proning can recruit dependent posterior lung units and improve the distribution of ventilation relative to perfusion. It is supportive therapy, not a cure, and requires continued airway, oxygenation, skin, and hemodynamic monitoring. (Sources: Chapter 27 slides and teacher outline: ARDS: prone positioning.)"
Question 28,Chapter 27,An intubated client with ARDS is agitated and repeatedly fights the ventilator despite assessment for reversible problems. Prescribed sedation and analgesia are initiated. Which outcome best matches their intended purpose?,Immediate dissolution of the inflammatory material in the alveoli,Increased spontaneous activity despite ongoing painful ventilator dyssynchrony,Elimination of the need for neurologic assessment during ventilation,Improved comfort and ventilator synchrony with reduced excess oxygen demand,D,"Sedation and analgesia aim to relieve distress and pain, reduce unnecessary oxygen consumption, and support synchrony. They require ongoing reassessment and do not directly remove the underlying alveolar injury. (Sources: Chapter 27 slides and teacher outline: ARDS: sedation and analgesia; case discussion slide 75.)"
Question 29,Chapter 27,A neuromuscular blocker is prescribed for severe ARDS. Which proposed plan requires the nurse to intervene?,Discontinue analgesia and sedation because the client will no longer move,"Provide eye, skin, and positioning care during immobility",Maintain prescribed analgesia and sedation while assessing treatment response,Monitor ventilation and ensure airway support throughout paralysis,A,"Paralysis does not provide analgesia, sedation, or amnesia. Absence of movement cannot establish comfort or unconsciousness. Safe blockade requires adequate sedation and analgesia alongside ventilation and immobility care. (Sources: Chapter 27 slides and teacher outline: ARDS: neuromuscular blockade and nursing care.)"
Question 30,Chapter 27,"A ventilated ARDS client suddenly desaturates, becomes hypotensive, and has absent breath sounds on one side with a new rise in airway pressure. Which complication should the nurse urgently suspect?",An isolated feeding intolerance with no respiratory consequence,Expected improvement from alveolar recruitment,"Pneumothorax from barotrauma, potentially under tension",Resolution of pulmonary edema after diuresis,C,"Abrupt unilateral breath-sound loss, hypoxemia, increased pressure, and hypotension suggest a pneumothorax, possibly tension physiology. This needs emergency assessment and treatment, rather than attributing the change to ordinary ARDS progression. (Sources: Chapter 27 slides and teacher outline: ARDS: barotrauma; chest trauma: tension pneumothorax.)"
Question 31,Chapter 27,"A previously stable ventilated ARDS client develops fever, purulent airway secretions, and a new infiltrate. What is the best nursing response?",Promptly assess for ventilator-associated pneumonia and obtain ordered cultures and treatment,Document the changes as inevitable ARDS fibrosis without notifying the team,Stop all oral care because it may mobilize airway bacteria,Increase sedation alone to suppress coughing and reassess tomorrow,A,"The combination suggests a new infection such as VAP. Notify the team, assess the full clinical picture, and implement prescribed diagnostic and treatment measures. These findings cannot be dismissed as fibrosis or managed by sedation alone. (Sources: Chapter 27 slides and teacher outline: ARDS: VAP complication and infection prevention.)"
Question 32,Chapter 27,"In an ARDS client, urine output declines, creatinine and liver enzymes rise, and lactate increases. Which interpretation should guide escalation?",Proof that enteral nutrition has corrected the hypermetabolic state,Possible progression to multisystem organ dysfunction from critical illness and impaired perfusion,An expected isolated lung response that makes renal monitoring unnecessary,Evidence of complete compensation because more organs are participating,B,"Deterioration across renal, hepatic, and metabolic measures suggests systemic involvement and possible MODS. The outline identifies this as a serious ARDS complication. Assessment must extend beyond the lungs to perfusion and other organ systems. (Sources: Chapter 27 slides and teacher outline: ARDS: MODS and organ-function assessment.)"
Question 33,Chapter 27,"After blunt chest trauma, a segment of the chest wall moves inward during inspiration and outward during expiration. Which finding does this most strongly support?",Chronic venous insufficiency,Flail chest,Uncomplicated pulmonary embolism,Isolated cardiac tamponade,B,"Paradoxical segmental movement indicates loss of chest-wall stability consistent with flail chest. Tamponade and PE can impair cardiopulmonary function, but neither by itself produces this characteristic moving rib segment. (Sources: Chapter 27 slides and teacher outline: Chest trauma: flail chest.)"
Question 34,Chapter 27,"A client after chest trauma has hypotension, distended neck veins, and muffled heart sounds. Breath sounds are present bilaterally without a paradoxical segment. Which problem is most concerning?",Cardiac tamponade impairing ventricular filling,Flail chest as the explanation for all findings,A simple pneumothorax with no circulatory effect,Isolated rib pain without internal injury,A,The combination is Beck's triad and suggests tamponade with restricted cardiac filling. It requires urgent evaluation and treatment. Preserved bilateral breath sounds and absence of paradoxical movement make the alternate chest-trauma patterns less fitting. (Sources: Chapter 27 slides and teacher outline: Chest trauma: cardiac tamponade.)
Question 35,Chapter 27,"After a chest injury, a client has unilateral absent breath sounds, severe distress, hypotension, and tracheal deviation away from the affected side. What should the nurse anticipate?",Discharge with breathing exercises once pain medication is effective,Routine imaging next morning before any intervention,Pericardiocentesis as treatment for air trapped in the pleural space,Emergency pleural decompression followed by definitive chest drainage,D,"These findings strongly suggest tension pneumothorax with obstructive circulatory compromise. Emergency decompression must not be delayed for routine imaging. Pericardiocentesis drains the pericardial space, not a pleural air collection. (Sources: Chapter 27 slides and teacher outline: Chest trauma: tension pneumothorax.)"
Question 36,Chapter 27,A stable client with a chest tube has continuous bubbling in the water-seal chamber. What should the nurse do?,Interpret continuous water-seal bubbling as proof that the lung has fully healed,Assess the client and inspect the system and connections for an air leak,Clamp the tube indefinitely to stop the bubbling,Increase suction until bubbling is no longer visible,B,"Continuous bubbling in the water seal suggests an air leak. Assess the client and system, then manage according to protocol. Do not confuse this with bubbling in a wet suction-control chamber or routinely clamp the tube to conceal the finding. (Sources: Chapter 27 slides and teacher outline: Chest tube management: water seal; study guide Part I.)"
Question 37,Chapter 27,"In a spontaneously breathing client, water in the chest tube water seal rises with inspiration and falls with expiration. The client is stable. How should the nurse interpret this?",Expected tidaling reflecting changes in intrathoracic pressure,Proof that the chest tube has become completely obstructed,A sign that all drainage must be stopped by clamping,A continuous air leak that requires immediate tube removal,A,Tidaling can be an expected response to changing intrathoracic pressure in a patent drainage system. This respiratory variation differs from continuous bubbling. The finding should be interpreted with clinical status and the rest of the system assessment. (Sources: Chapter 27 slides and teacher outline: Chest tube management: tidaling; study guide Part I.)
Question 38,Chapter 27,Chest-tube tidaling stops and the client becomes more dyspneic. The nurse sees the tubing compressed beneath the client. Which action is most appropriate?,Relieve the visible obstruction and immediately reassess breathing and drainage,Delay action until a scheduled chest x-ray determines the cause,Assume the lung has re-expanded because all absent tidaling means recovery,Clamp the chest tube and leave the compressed tubing in place,A,"Absent tidaling may reflect re-expansion or obstruction. Here new dyspnea and a visible kink favor impaired drainage. Correct the external obstruction promptly, reassess, and escalate persistent deterioration. (Sources: Chapter 27 slides and teacher outline: Chest tube management: loss of tidaling and obstruction.)"
Question 39,Chapter 27,"A chest-trauma client's drainage changes from 35 mL of dark blood in an hour to 250 mL of bright-red blood in the next hour, with falling BP. Which action takes priority?",Notify the trauma team immediately and assess for ongoing hemorrhage,Document the increase as expected because chest tubes always drain bright-red blood,Empty the chamber and begin a new observation period before reporting,Clamp the tube to prevent further blood from leaving the body,A,A sudden large increase in bright-red drainage with hypotension is concerning for hemorrhage regardless of minor differences in reporting thresholds. Prompt escalation and circulatory assessment are required; clamping can trap blood and worsen the problem. (Sources: Chapter 27 slides and teacher outline: Chest tube management: concerning drainage; study guide Part I.)
Question 40,Chapter 27,The nurse feels a crackling sensation beneath the skin around a chest-tube site. Which response is most appropriate?,Assess and document the extent of subcutaneous emphysema and evaluate breathing and system function,Massage the area firmly until the crackling disappears,Document the finding as ordinary edema without evaluating respiratory status,Apply a tight circumferential chest binder to prevent air movement,A,"Crepitus suggests air in subcutaneous tissues. Assess its extent and progression, respiratory status, and the drainage system; spreading neck swelling or airway effects need urgent escalation. Massage and tight binding do not correct the source. (Sources: Chapter 27 slides and teacher outline: Chest trauma: subcutaneous emphysema.)"
Question 41,Chapter 27,"J.T. Winters arrives after his MVC with HR 115/min, RR 32/min, SpO2 93% on 2 L oxygen, and chest pain rated 10/10. Which interpretation best follows the teacher outline?",The oxygen saturation excludes meaningful respiratory injury because it is above 90%,His age makes severe respiratory deterioration unlikely after this mechanism of injury,Tachypnea and ongoing oxygen need indicate respiratory compromise despite preserved consciousness,The elevated respiratory rate can be attributed to pain without examining the chest,C,"The case combines a significant mechanism, tachypnea, oxygen requirement, and severe pain. These cues require focused airway and breathing assessment. A single saturation on supplemental oxygen or preserved consciousness cannot exclude serious injury. (Sources: Chapter 27 slides and teacher outline: J.T. Winters case: slides 64–65; recognize initial cues.)"
Question 42,Chapter 27,"J.T. has a bruised left chest with a segment near ribs five through eight moving inward on inhalation. Left breath sounds are absent, and 400 mL of blood drains after chest-tube insertion. Which interpretation best integrates the findings?",The blood drainage proves that the paradoxical movement was caused only by anxiety,"Flail chest excludes a pleural injury, so the absent breath sounds need no follow-up",The drainage establishes tamponade because chest tubes empty the pericardial sac,"Paradoxical movement suggests flail chest, while pleural blood supports a concurrent hemothorax",D,The moving segment reflects chest-wall instability; blood in the pleural drainage supports hemothorax. More than one injury can coexist. The nurse should not force all findings into one diagnosis or confuse pleural with pericardial drainage. (Sources: Chapter 27 slides and teacher outline: J.T. Winters case: slide 66; differentiate chest injuries.)
Question 43,Chapter 27,J.T.'s family asks why blood around his left lung reduced oxygenation. Which explanation is most accurate?,The blood improved negative pleural pressure but caused only a pain problem,Pleural blood interfered with lung expansion and reduced effective ventilation,Pleural blood increased the oxygen-carrying capacity available inside the alveoli,The chest tube itself was the primary cause of the original gas-exchange failure,B,"A hemothorax occupies pleural space and impairs lung expansion, disrupting ventilation and gas exchange. Pain contributes, but it does not replace this mechanical explanation. Draining pleural blood addresses that contributor. (Sources: Chapter 27 slides and teacher outline: J.T. Winters case: slides 66, 71; hemothorax mechanism.)"
Question 44,Chapter 27,"On ICU day two, J.T.'s pleural bleeding has stopped, but oxygen saturation continues to fall despite increased inspired oxygen. He is tachypneic and has diffuse bilateral infiltrates. What should the nurse recognize?",A normal response to a nonrebreather mask requiring oxygen discontinuation,A purely left-sided pleural problem that rules out diffuse lung injury,Possible ARDS progression requiring escalation of respiratory support,Resolution of injury because pleural bleeding has stopped,C,Control of pleural bleeding does not prevent subsequent inflammatory lung injury. Refractory hypoxemia and bilateral infiltrates after trauma match the outline's ARDS progression pattern and require reassessment and escalation. (Sources: Chapter 27 slides and teacher outline: J.T. Winters case: slide 67; progression to ARDS.)
Question 45,Chapter 27,"J.T.'s case ABG gives PaO2 50 mm Hg while FiO2 is 70%. What P/F ratio should the nurse calculate, rounded to the nearest whole number?",140,35,700,71,D,"Convert 70% to 0.70, then divide 50 / 0.70 = 71.43, rounded to 71. This demonstrates profound oxygenation impairment. Formal severity classification also depends on the clinical and support criteria; the calculation alone does not supply missing PEEP data. (Sources: Chapter 27 slides and teacher outline: J.T. Winters case: slide 68; P/F calculation.)"
Question 46,Chapter 27,J.T. remains hypoxemic despite high inspired oxygen and is intubated. Which ventilator approach best matches the case wrap-up and outline?,Use the largest tidal volume tolerated solely to force PaCO2 into the normal range,Avoid all reassessment once the pulse oximeter first reaches its target,Use the prescribed low tidal volumes to limit additional ventilator-related lung injury,Withdraw supportive ventilation because additional oxygen had been ineffective,C,The case uses lung-protective low tidal volumes. Refractory hypoxemia can require mechanical support beyond increased oxygen concentration alone. Ventilation must be monitored and adjusted by the treating team rather than driven by one value at the expense of lung protection. (Sources: Chapter 27 slides and teacher outline: J.T. Winters case: slides 68–69; lung-protective strategy.)
Question 47,Chapter 27,"During J.T.'s prone treatment, which finding would best support improved gas exchange if the other support settings are comparable?",A higher saturation achieved only by a substantial increase in FiO2,"A higher PaO2 at the same FiO2, producing a higher P/F ratio",Less visible chest movement while the P/F ratio continues to fall,A lower respiratory rate caused by deeper sedation without oxygenation data,B,"A higher PaO2 for the same inspired oxygen supports improved oxygen transfer. Sedation-related changes or a higher saturation requiring much more oxygen do not independently demonstrate treatment success. (Sources: Chapter 27 slides and teacher outline: J.T. Winters case: slides 69, 72; evaluate positioning response.)"
Question 48,Chapter 27,J.T. is sedated and mechanically ventilated. His family asks why tube feeding is started before he can eat independently. Which response best follows the outline?,"Sedation eliminates energy needs, so feeding is used only to administer water",Tube feeding directly removes pleural blood and eliminates the need for drainage,Nutrition must be withheld until all supplemental oxygen has been discontinued,Early enteral nutrition supports increased metabolic needs during critical illness when feeding is appropriate,D,The case begins enteral feeding to support recovery during critical illness. Mechanical ventilation and sedation do not eliminate nutritional needs. Feeding is individualized to clinical stability and tolerance rather than delayed simply because the client is intubated. (Sources: Chapter 27 slides and teacher outline: J.T. Winters case: slide 69; early enteral nutrition.)
Question 49,Chapter 27,J.T. receives analgesia and sedation while ventilated. Which observation best supports the intended therapeutic effect?,"No limb movement alone, without assessing comfort, breathing, or circulation",Less distress and better ventilator synchrony without worsening oxygenation or perfusion,A lower BP below the prescribed target with new signs of poor perfusion,Persistent ventilator fighting masked by fewer documented pain assessments,B,"The case identifies pain relief, reduced oxygen demand, and improved synchrony as goals. A successful response must be considered alongside oxygenation and hemodynamic safety. Immobility alone cannot establish comfort or adequate support. (Sources: Chapter 27 slides and teacher outline: J.T. Winters case: slide 75; sedation and analgesia rationale.)"
Question 50,Chapter 27,"By day five J.T.'s oxygenation stabilizes, and ventilator support is gradually reduced. Which subsequent finding most strongly fits the recovery described in the case?",A normal saturation maintained only by steadily increasing oxygen and ventilator pressures,A lower P/F ratio accompanied by more diffuse infiltrates,"Stable gas exchange on less support, followed by extubation and activity out of bed",Persistent deep sedation with no assessment of spontaneous breathing or activity readiness,C,"The case describes successful weaning, extubation on day seven, and transfer to a chair. Recovery is supported by gas exchange maintained with less support and increasing function, rather than a monitor target achieved through escalating assistance. (Sources: Chapter 27 slides and teacher outline: J.T. Winters case: slides 70, 72; evaluate recovery.)"
Question 51,Chapter 31,"A client with untreated hypertension has BP 214/126 mm Hg, new confusion, blurred vision, and creatinine that increased from 0.9 to 2.3 mg/dL. Which interpretation should guide the nurse's immediate plan?",Severe asymptomatic hypertension requiring routine follow-up,Chronic hypertension with expected age-related renal changes,Hypertensive emergency with acute target-organ injury,Anxiety-related hypertension requiring observation only,C,"The new neurologic changes and acute creatinine increase indicate target-organ injury accompanying severe hypertension. This requires emergency treatment and monitoring. The BP number alone does not distinguish emergency from severe hypertension without acute injury. (Source: Ch31 slides 27, 118, 121; teacher outline: hypertensive crisis.)"
Question 52,Chapter 31,The nurse receives reports on four clients. Which client should be assessed first?,A client with BP 198/120 mm Hg and new right-arm weakness and slurred speech,"A client with BP 206/116 mm Hg, no symptoms, and an unchanged neurologic examination",A client with BP 168/96 mm Hg and a history of stable chronic kidney disease,A client with BP 156/90 mm Hg who requests teaching about a low-sodium diet,A,"New focal neurologic deficits suggest acute cerebral injury and require immediate stroke evaluation. They take priority over a higher BP reading without evidence of acute injury. Chronic disease and teaching needs do not have the same immediate urgency. (Source: Ch31 slides 27, 59, 61; teacher outline: priority assessments.)"
Question 53,Chapter 31,"A client with a confirmed hypertensive emergency is on continuous monitoring, has patent IV access, and has SpO2 97% on room air. Which prescribed intervention should the nurse implement first?",Administer the scheduled oral statin for an LDL level of 184 mg/dL,Arrange a dietary consultation for a sodium-restricted meal plan,Collect the scheduled fasting lipid panel before beginning treatment,Begin the prescribed titratable IV antihypertensive with frequent BP reassessment,D,"Treating the emergency BP and limiting further organ injury take priority over lipid testing, statin administration, and dietary teaching. True hypertensive emergencies generally require monitored IV treatment; the oral-drug example in the course case should not be generalized to all emergencies. (Source: Ch31 slides 121–122; teacher outline: priority sequencing; AHA 2024 clinical clarification.)"
Question 54,Chapter 31,"A client with BP 186/118 mm Hg has glucose 248 mg/dL, LDL 181 mg/dL, BUN 34 mg/dL, creatinine 2.4 mg/dL (baseline 1.0), and new urine protein. Which finding most directly supports acute renal involvement?",The elevated LDL together with the elevated blood glucose,The creatinine increase together with new protein in the urine,The systolic BP together with a family history of hypertension,The elevated glucose together with a history of cigarette smoking,B,"A rising creatinine and new proteinuria point to impaired kidney function and renal injury. Hyperglycemia, dyslipidemia, smoking, and family history increase vascular risk but do not by themselves demonstrate acute renal dysfunction. (Source: Ch31 slides 27, 118; teacher outline: full data-set interpretation.)"
Question 55,Chapter 31,"During treatment of a hypertensive emergency, BP improves to the prescribed range. The client becomes harder to arouse, and urine output falls from 45 to 12 mL in the last hour. What is the nurse's best response?",Document that the BP goal has been reached and continue routine observations,Encourage sleep because fatigue is expected when the BP begins to decrease,Immediately reassess perfusion and alert the treating team about the deterioration,Offer additional oral fluids and wait for the next scheduled laboratory results,C,"A better BP number does not establish adequate organ perfusion. Decreasing alertness and oliguria indicate possible worsening cerebral and renal perfusion and need prompt evaluation. Oral fluids or delayed reassessment do not address the acute change. (Source: Ch31 slides 27, 123, 130–131; teacher outline: evaluating response.)"
Question 56,Chapter 31,"A client says, ""My BP has been normal for a week, so I will take my medication only when I get a headache."" Which response is best?",Checking for a headache is a reasonable way to decide when the next dose is needed,Normal readings may reflect treatment; continue the prescribed schedule and follow the provider's hold instructions,Skip medication on normal-BP days and take an extra dose if the pressure rises,"After a week of normal readings, lifestyle measures can replace the prescription",B,"Hypertension is often asymptomatic, and controlled readings may mean the medication is working. Consistent use, within prescribed parameters, helps prevent organ injury. Symptom-based dosing, doubling doses, or stopping without guidance can disrupt control. (Source: Ch31 slides 25, 29, 125; teacher outline: adherence.)"
Question 57,Chapter 31,A client started on antihypertensive therapy feels dizzy immediately after standing. The nurse assists the client back to a safe seated position. Which teaching should follow?,Sit at the bedside before standing and rise slowly with assistance if dizzy,Avoid walking during the day so the medication can reach its full effect,Take the next dose early to prevent another episode of dizziness,Restrict all fluids for the rest of the day to stabilize the circulation,A,"Slow position changes reduce falls associated with orthostatic symptoms. Ongoing symptoms require assessment, but prolonged inactivity, an extra or early dose, and indiscriminate fluid restriction do not correct the problem and may worsen risk. (Source: Ch31 slides 124; teacher outline: orthostatic safety.)"
Question 58,Chapter 31,"A client is prescribed the course's 1,600-mg daily sodium limit. Breakfast contained 350 mg, lunch 480 mg, and a snack 170 mg. Which dinner meets the remaining daily allowance?",A dinner labeled as containing 640 mg of sodium,A dinner labeled as containing 720 mg of sodium,A dinner labeled as containing 810 mg of sodium,A dinner labeled as containing 560 mg of sodium,D,"The client has consumed 350 + 480 + 170 = 1,000 mg, leaving 600 mg. The 560-mg dinner gives a daily total of 1,560 mg. Each other dinner would exceed the specifically prescribed 1,600-mg limit. (Source: Ch31 slides 28–29; teacher outline: DASH sodium target.)"
Question 59,Chapter 31,A client asks why years of poorly controlled hypertension can eventually weaken the left ventricle. Which explanation is most accurate?,The ventricle receives less venous blood because hypertension consistently lowers circulating volume,"The ventricle pumps against increased resistance, which can cause remodeling and eventual dysfunction",The ventricle stops relaxing because high BP prevents the atrioventricular valves from opening,The ventricle becomes weaker because hypertension initially eliminates its need to contract forcefully,B,"Chronic elevation of vascular resistance increases afterload and cardiac workload. Over time, ventricular remodeling can progress to impaired pumping. This mechanism is not explained by reliably decreased circulating volume, valve closure, or reduced work. (Source: Ch31 slides 24, 26; teacher outline: hypertension complications.)"
Question 60,Chapter 31,"A 68-year-old client has high LDL, smokes daily, rarely exercises, and has a parent who died of a stroke. Which plan best addresses modifiable atherosclerosis risks?",Focus on the family history because inherited risk makes lifestyle changes ineffective,Delay changes until leg pain or chest pain confirms that plaque is affecting blood flow,"Set a smoking-cessation plan, increase appropriate activity, and follow lipid-lowering treatment",Replace the statin with exercise once the client can walk without shortness of breath,C,"Smoking, activity, and dyslipidemia are modifiable risks. Age and family history cannot be changed, but they do not make prevention futile. Atherosclerosis can be asymptomatic; medication changes should not be made solely because exercise is tolerated. (Source: Ch31 slides 3, 7, 14; teacher outline: risk factors.)"
Question 61,Chapter 31,Repeated measurements show right-arm BP 166/90 mm Hg and left-arm BP 138/84 mm Hg. The left radial pulse is weaker. Which interpretation is most appropriate?,The difference is an expected age-related finding that does not require documentation,The lower left-arm reading proves that the systemic hypertension has resolved,The pattern most strongly indicates venous valve failure in the left arm,The pattern suggests arterial narrowing affecting the left arm and needs further evaluation,D,"A persistent systolic difference of 28 mm Hg with a weaker pulse suggests impaired arterial inflow on the lower-pressure side. The slides identify differences greater than 15–20 mm Hg as concerning for subclavian stenosis. This is not diagnostic by itself. (Source: Ch31 slides 12, 45; teacher outline: arterial narrowing.)"
Question 62,Chapter 31,"While assessing a client with vascular disease, a student prepares to palpate both carotid arteries at the same time. What should the supervising nurse do?",Stop the maneuver and assess one carotid artery at a time,Allow the maneuver because equal bilateral pressure improves pulse comparison,Ask the student to press more firmly to distinguish a pulse from a bruit,Replace pulse assessment with a calf circumference measurement,A,"The slides specifically caution against simultaneous carotid palpation because it can compromise cerebral blood flow. Assess one side at a time and auscultate for bruits; a bruit is a sound, not something identified by firmer palpation. (Source: Ch31 slides 12; teacher outline: vascular assessment.)"
Question 63,Chapter 31,A client reports calf cramping after walking two blocks. The discomfort resolves within several minutes of stopping and returns at about the same walking distance. The foot is cool with diminished pulses. Which condition best explains the pattern?,Chronic venous insufficiency producing dependent edema,An acute deep vein thrombosis producing venous obstruction,Peripheral arterial disease producing intermittent claudication,A ruptured aortic aneurysm producing sudden blood loss,C,"Reproducible exertional calf pain relieved by rest is intermittent claudication. Cool skin and diminished pulses further support arterial insufficiency. Venous pain more often accompanies edema and dependency; the described stable pattern does not suggest acute rupture or DVT. (Source: Ch31 slides 34, 45; study guide: PAD versus CVI.)"
Question 64,Chapter 31,"For an ABI assessment, the higher right-ankle systolic pressure is 84 mm Hg. Brachial systolic pressures are 140 mm Hg on the right and 126 mm Hg on the left. Which result should the nurse report?","ABI 0.67, showing normal arterial perfusion","ABI 0.60, supporting peripheral arterial disease","ABI 1.50, supporting normal venous valve function","ABI 1.67, confirming deep vein thrombosis",B,"Use the higher brachial pressure: 84 / 140 = 0.60. This is below the slide threshold of 0.9 and supports PAD. ABI evaluates arterial perfusion; it does not diagnose DVT or measure venous valve function. (Source: Ch31 slides 35–36, 45; teacher outline: ABI.)"
Question 65,Chapter 31,A client with PAD says foot pain now wakes them from sleep and occurs even without walking. A toe ulcer has not healed. Which interpretation should the nurse prioritize?,An expected effect of improved collateral circulation requiring reassurance,Uncomplicated intermittent claudication requiring only scheduled rest breaks,Isolated venous insufficiency requiring immediate high-pressure compression,Progression to severe chronic ischemia requiring prompt vascular evaluation,D,"Rest pain and nonhealing ulceration suggest sustained severe arterial insufficiency, beyond uncomplicated exertional claudication. The slides associate these findings with critical limb ischemia and risk of tissue loss. Compression should not be initiated indiscriminately in severe arterial disease. (Source: Ch31 slides 42, 44; study guide: arterial ulcers.)"
Question 66,Chapter 31,A client with known arterial insufficiency reports increased foot pain when the nurse places both legs on pillows above heart level. Which action is most appropriate?,Lower the affected leg to a slightly dependent position and reassess pain and perfusion,Add another pillow to increase the pressure gradient for venous drainage,Apply a tight elastic wrap before lowering the foot to mattress level,Keep the legs elevated until the pain resolves because pallor is expected,A,"A slightly dependent position can support arterial flow in PAD. Elevation above the heart may worsen ischemic pain and pallor. Tight wrapping may further compromise flow; persistent or worsening pain still requires assessment. (Source: Ch31 slides 38, 46; teacher outline: arterial positioning.)"
Question 67,Chapter 31,"One hour after femoral artery angioplasty, a client develops sudden severe foot pain and numbness. The foot is pale and cold, and the previously detectable pedal Doppler signal is absent. What should the nurse do first?",Elevate the limb above heart level and reassess in one hour,Notify the vascular team immediately for suspected acute limb ischemia,Encourage the client to walk to improve collateral circulation,Administer the PRN analgesic and defer reassessment until it takes effect,B,"New pain, sensory change, pallor, coldness, and loss of a previously present signal indicate an acute perfusion emergency after intervention. Urgent vascular evaluation is needed to protect the limb. Waiting for analgesia, walking, or elevation delays treatment. (Source: Ch31 slides 40–42, 45; teacher outline: postprocedure acute limb ischemia.)"
Question 68,Chapter 31,A client with PAD has reduced sensation in both feet. Which statement indicates that discharge teaching has been understood?,I will check my feet only when they hurt because pain is the earliest sign of injury,I will cross my legs while seated to keep pressure off the bottoms of my feet,I will wait until my next monthly visit to mention a new sore if it is painless,I will inspect the soles and between my toes every day and report new skin breaks,D,"Daily inspection includes soles and spaces between toes because reduced sensation can hide injury. New skin breakdown needs timely attention in poorly perfused tissue. Crossing legs can further impair circulation, and absence of pain does not establish safety. (Source: Ch31 slides 47; study guide: PAD nursing care.)"
Question 69,Chapter 31,A client with PAD asks why both clopidogrel and a statin are prescribed. Which explanation best connects the medications to the disease?,"Clopidogrel reduces platelet aggregation, while the statin addresses lipid-related vascular risk","Clopidogrel dissolves established plaque, while the statin immediately opens blocked arteries","Clopidogrel repairs venous valves, while the statin prevents lower-leg fluid pooling","Clopidogrel replaces activity therapy, while the statin eliminates the need to stop smoking",A,"The drugs address different contributors to atherosclerotic disease: platelet-related clot formation and lipid-related risk. Neither immediately removes an established obstruction, repairs venous valves, or replaces exercise and smoking cessation. (Source: Ch31 slides 39, 46; teacher outline: PAD management.)"
Question 70,Chapter 31,The nurse must decide which client needs urgent follow-up. Which finding is most concerning?,A client with stable claudication who stops briefly during a prescribed walk,A client with venous insufficiency whose ankle swelling decreases with elevation,A client with PAD whose toe ulcer has enlarged and developed black tissue,A client after PAD teaching who reports inspecting both feet each evening,C,"An enlarging ulcer with black tissue suggests tissue necrosis from severe ischemia and threatens limb viability. Stable exertional symptoms, reduced venous edema, and daily foot inspection do not indicate the same deterioration. (Source: Ch31 slides 9, 42, 47; study guide: arterial versus venous findings.)"
Question 71,Chapter 31,A client with carotid stenosis calls the clinic after a 10-minute episode of slurred speech and left-arm weakness that has now resolved. Which instruction is best?,Schedule a routine follow-up because symptom resolution excludes a stroke risk,Take the next statin dose early and call back if symptoms last more than an hour,Rest at home and avoid reporting another episode unless consciousness is lost,Seek emergency evaluation now because transient deficits may be a TIA,D,"Transient focal deficits may represent a TIA and warn of stroke risk even when they resolve. Prompt emergency evaluation is appropriate. Waiting for prolonged symptoms or loss of consciousness can delay time-sensitive care. (Source: Ch31 slides 53, 59, 66; teacher outline: stroke warning signs.)"
Question 72,Chapter 31,"Two hours after carotid endarterectomy, the nurse notes increasing neck swelling, stridor, and falling oxygen saturation. Which action has priority?",Place the head in a neutral position and recheck the incision at the next observation,Test tongue movement and shoulder strength before contacting the surgical team,Activate emergency assistance and prepare for airway management while notifying the surgeon,Encourage oral fluids to loosen secretions and reassess the breathing sounds,C,"An expanding neck hematoma can compress the trachea after CEA. Stridor and falling oxygen saturation require immediate airway-focused escalation. Positioning and cranial nerve checks matter, but they must not delay management of threatened ventilation. (Source: Ch31 slides 62; study guide: post-CEA complications.)"
Question 73,Chapter 31,"After carotid endarterectomy, a client has clear breath sounds, stable oxygen saturation, and no neck swelling, but develops new hoarseness and coughs when offered water. Which action is best?",Continue thin liquids in larger sips to determine whether coughing improves,"Stop oral intake, assess swallowing and airway safety, and notify the provider",Document the changes as expected and resume the regular diet,Keep the head turned toward the incision during feeding,B,"New hoarseness and swallowing difficulty may reflect vagus nerve involvement after CEA and create aspiration risk. Stop intake and obtain prompt evaluation. Stable oxygen saturation does not prove swallowing is safe, and larger sips increase risk. (Source: Ch31 slides 62; study guide: cranial nerve X.)"
Question 74,Chapter 31,The nurse checks cranial nerve function after carotid endarterectomy. Which assessment combination best matches the nerves emphasized in the teacher outline?,"Ask the client to smile, assess voice and swallowing, shrug shoulders, and protrude the tongue","Check pupil size, visual acuity, hearing, and the patellar reflex","Check near vision, extraocular movements, ankle strength, and smell","Assess the plantar reflex, grip strength, hearing, and abdominal sensation",A,"The outline emphasizes VII, X, XI, and XII: facial movement; voice/swallowing; shoulder shrug; and tongue movement. Other neurologic checks can be valuable, but the alternate combinations do not specifically assess this set. (Source: Ch31 slides 62; teacher outline and study guide: post-CEA cranial nerves.)"
Question 75,Chapter 31,"After carotid artery stenting, a client's BP falls to 82/48 mm Hg with new lightheadedness. The airway is patent, SpO2 is 97%, and lungs are clear. Which action is appropriate while the provider is urgently notified?",Raise the head of the bed to 90 degrees and restrict all IV fluids,Administer the scheduled antihypertensive to reduce carotid stimulation,Position the client flat as tolerated and prepare prescribed fluids or vasoactive support,Assist the client to walk and reassess the pressure after activity,C,"Post-carotid hypotension can compromise cerebral perfusion. With no respiratory contraindication described, the course recommends flat positioning and anticipated fluid or vasoactive support. Antihypertensive medication and upright activity may worsen the hypotension. (Source: Ch31 slides 62, 64; teacher outline: postprocedure BP.)"
Question 76,Chapter 31,"After carotid endarterectomy, BP is 184/102 mm Hg, above the surgeon's ordered range. The client is alert with no new focal deficits. Which plan is most appropriate?",Keep the head neutral with the head of bed at 30 degrees and implement prescribed BP control,Place the client flat and administer a routine fluid bolus to increase cerebral flow,Rotate the head away from the incision and delay treatment until symptoms appear,Allow the pressure to remain elevated because it always improves cerebral perfusion,A,Post-carotid BP must stay within ordered parameters to protect the repair and cerebral circulation. The slides recommend 30-degree head elevation for hypertension and a neutral head after CEA. Excess BP is not harmless merely because the examination is currently stable. (Source: Ch31 slides 64–65; teacher outline: postprocedure BP.)
Question 77,Chapter 31,A client with chronic kidney disease returns from carotid artery stenting. The client has no fluid restriction or signs of overload. Which addition to routine neurologic and access-site monitoring is most appropriate?,Restrict fluids until the contrast has been completely eliminated,Use normal pedal pulses as evidence that kidney monitoring is unnecessary,Focus only on cranial nerve XII because no contrast is used during stenting,Trend urine output and creatinine and maintain the prescribed hydration plan,D,"Contrast exposure makes renal monitoring particularly important after CAS, especially with existing kidney disease. Follow the individualized hydration plan and watch urine output and renal trends. Peripheral pulses do not assess kidney function, and fluids should not be arbitrarily restricted. (Source: Ch31 slides 62, 65; teacher outline: CAS renal priorities.)"
Question 78,Chapter 31,A client with active cancer develops a DVT after abdominal surgery and several days of limited mobility. Which explanation correctly applies Virchow's triad?,"Cancer causes stasis, surgery lowers coagulability, and immobility directly tears arterial walls","Cancer increases coagulability, surgery can injure endothelium, and immobility causes stasis","Cancer repairs endothelium, surgery increases venous return, and immobility lowers platelet activity","Cancer and immobility affect only arterial plaque, while surgery causes venous valve repair",B,"The three contributors are hypercoagulability, endothelial injury, and venous stasis. Active cancer, surgery, and immobility respectively illustrate these mechanisms and explain why combined risks increase the likelihood of DVT. (Source: Ch31 slides 88–89; teacher outline: Virchow's triad.)"
Question 79,Chapter 31,"A postoperative client develops a newly swollen, warm, tender left calf. Which nursing action is most appropriate?","Compare both legs, notify the provider, and prepare for ordered compression ultrasonography",Massage the tender area and reassess after the muscle relaxes,Perform repeated forceful ankle dorsiflexion to confirm a positive Homan sign,Apply an SCD to the symptomatic leg while awaiting the next routine assessment,A,"New unilateral swelling, warmth, and tenderness raise concern for DVT. Compare findings and obtain prompt evaluation with appropriate imaging. Homan sign is unreliable; massage and mechanical compression of the suspicious limb are not appropriate diagnostic responses. (Source: Ch31 slides 91–92, 99–100; teacher outline: DVT recognition.)"
Question 80,Chapter 31,Ultrasound confirms an acute DVT in a client's left leg. Which order should the nurse clarify before implementation?,Administer the prescribed anticoagulant after required safety checks,"Monitor for hematuria, bloody stool, and falling hemoglobin",Elevate the affected leg when resting as prescribed,Apply sequential compression to the left leg,D,"The course specifically identifies SCD use on a limb with a confirmed acute DVT as an order requiring clarification. Anticoagulation, bleeding surveillance, and appropriate resting elevation are consistent with the chapter's management plan. (Source: Ch31 slides 99–100; teacher outline: SCD safety.)"
Question 81,Chapter 31,A client with unilateral calf swelling has an elevated D-dimer after recent surgery. Which interpretation is most accurate?,The result proves the clot is in the symptomatic calf and makes ultrasound unnecessary,The result distinguishes a deep venous clot from an arterial embolus without other testing,The result does not confirm DVT; imaging is needed because other conditions can elevate D-dimer,The result proves a pulmonary embolism is present even without respiratory findings,C,"D-dimer reflects fibrin breakdown and can be elevated for reasons other than DVT, including recent surgery. It does not locate a clot or independently establish DVT or PE. Compression ultrasound is used to evaluate suspected leg DVT. (Source: Ch31 slides 92, 99; NHLBI: DVT diagnostic clarification.)"
Question 82,Chapter 31,"A hospitalized client with a proximal DVT suddenly develops dyspnea, pleuritic chest pain, HR 124/min, and SpO2 86%. Which action should the nurse take first?",Increase leg elevation and reassess the oxygen saturation in 30 minutes,Activate emergency assistance and provide oxygen while urgently assessing for pulmonary embolism,Encourage a hallway walk to reduce venous stasis before calling the provider,Give the next scheduled oral anticoagulant and wait for symptom improvement,B,"Acute hypoxemia and cardiopulmonary symptoms in a client with DVT suggest PE. Emergency escalation and oxygenation take priority. Leg positioning and scheduled medication do not address the immediate threat to gas exchange and circulation. (Source: Ch31 slides 90, 96, 99; teacher outline: DVT-to-PE connection.)"
Question 83,Chapter 31,"A client receiving IV unfractionated heparin for DVT has aPTT above the protocol range, new gross hematuria, and hemoglobin that falls from 12.1 to 9.2 g/dL. Which response is best?",Continue the infusion because a prolonged aPTT is always the desired treatment response,Increase the infusion because hematuria indicates that the clot is dissolving,Wait for the next scheduled laboratory draw because bruising is the only serious bleeding sign,Stop or hold the infusion per bleeding protocol and notify the provider immediately,D,"The combination of visible bleeding, falling hemoglobin, and excessive anticoagulation needs immediate intervention under protocol. Some prolongation may be therapeutic, but a value above range with bleeding is not a successful outcome. Hematuria is not evidence of clot dissolution. (Source: Ch31 slides 94, 99, 101; study guide: DVT care.)"
Question 84,Chapter 31,A stable client with DVT has started therapeutic anticoagulation and is cleared to ambulate. Which statement indicates a need for further teaching?,I will take my anticoagulant as prescribed and keep required follow-up appointments,I should stay in bed until every trace of the clot has disappeared,I will take movement breaks and do leg exercises during long trips,I will report blood in my urine or stool while taking this medication,B,"The chapter supports appropriate early ambulation rather than routine prolonged bed rest. This client has been treated and cleared for activity. Adherence, movement during travel, and recognition of bleeding are appropriate teaching points. (Source: Ch31 slides 100–102; teacher outline: DVT management.)"
Question 85,Chapter 31,"A client has chronic ankle edema, brown lower-leg pigmentation, and a shallow draining ulcer near the medial ankle. The foot is warm and pedal pulses are present. Which condition best fits?",Chronic venous insufficiency,Acute peripheral arterial occlusion,Rupture of an abdominal aortic aneurysm,Isolated carotid artery stenosis,A,"Edema, brown pigmentation, a shallow medial-ankle ulcer, warmth, and preserved pulses favor venous insufficiency. Arterial disease more often produces coolness, reduced pulses, and distal ischemic ulcers. The other conditions do not explain this local chronic pattern. (Source: Ch31 slides 103–105, 113; study guide: PAD versus CVI.)"
Question 86,Chapter 31,"A client with chronic venous insufficiency stands at work for long periods. Arterial perfusion has been assessed as adequate, and compression is prescribed. Which plan best addresses the cause of the symptoms?",Keep the legs dependent throughout the evening and avoid compression,Remain completely inactive after work to prevent calf-muscle contraction,"Use prescribed compression, take movement breaks, and elevate the legs when resting",Reduce skin care because covering the skin prevents venous drainage,C,"Venous valve failure promotes pooling. Prescribed compression, calf-muscle activity, avoidance of prolonged standing, and elevation support venous return and reduce edema. Dependency and inactivity worsen pooling; skin care protects vulnerable tissue. (Source: Ch31 slides 104, 107, 114–115; teacher outline: CVI management.)"
Question 87,Chapter 31,"A client labeled as having venous insufficiency is scheduled for a compression wrap. Today the foot is cold and pale, pedal pulses are absent, and pain worsens with elevation. What should the nurse do?",Apply the wrap more tightly because absent pulses indicate excess venous pooling,Withhold the wrap and obtain prompt evaluation of arterial perfusion,Elevate the foot higher and wait until tomorrow to reassess the pulses,Document the findings as typical venous insufficiency and proceed with the wrap,B,"Coldness, pallor, absent pulses, and elevation-related pain indicate an arterial problem rather than uncomplicated venous disease. Compression should be withheld pending evaluation because it could further compromise perfusion. New severe ischemic findings require urgent attention. (Source: Ch31 slides 45–46, 105, 107; study guide: arterial versus venous comparison.)"
Question 88,Chapter 31,"At follow-up after treatment for chronic venous insufficiency, which finding best indicates that the care plan is working?",Persistent severe swelling with a new open area near the ankle,A newly cool foot with a weaker pedal pulse than at the previous visit,Less ankle edema and a smaller ulcer with no surrounding redness,Increased drainage accompanied by fever and spreading warmth,C,"Reduced edema, healing skin, and no signs of infection support improvement. New ulceration, arterial perfusion changes, or fever with spreading warmth suggest complications rather than successful venous management. Old pigmentation may persist despite improvement. (Source: Ch31 slides 110, 113, 116; teacher outline: CVI outcomes.)"
Question 89,Chapter 31,"A client with a known abdominal aortic aneurysm develops sudden severe abdominal and back pain, BP 78/44 mm Hg, and HR 132/min. Which action has priority?",Activate emergency response and prepare for urgent vascular intervention,Give the routine oral antihypertensive and repeat the BP in one hour,Encourage ambulation to determine whether the pain is musculoskeletal,Schedule an outpatient ultrasound to compare the aneurysm with its previous size,A,"Sudden pain plus hypotension and tachycardia in a client with an aneurysm suggests rupture with major blood loss. Immediate emergency and vascular management is needed. Routine outpatient monitoring, walking, and a scheduled antihypertensive would delay or worsen care. (Source: Ch31 slides 72, 78, 83; Chapter 31 slides: aortic aneurysm.)"
Question 90,Chapter 31,"A client with an asymptomatic aortic aneurysm says, ""I feel fine, so I can skip my BP medicine and the next ultrasound."" Which response is best?","Medication is only necessary after back pain starts, but imaging can continue yearly if convenient","Normal daily activity proves the aneurysm is stable, so both treatments can be postponed","The statin permanently repairs the weakened vessel wall, making future imaging unnecessary","BP control limits stress on the vessel, and scheduled imaging can detect growth before symptoms occur",D,"Aneurysms may be asymptomatic before a serious complication. BP management reduces stress on the vessel wall, and surveillance tracks growth. Lack of pain does not establish stability, and statins do not repair the aneurysm or replace follow-up. (Source: Ch31 slides 72, 75, 84–85; Chapter 31 slides: aneurysm teaching.)"
Question 91,Chapter 31,"Brian More presents with BP 180/122 mm Hg, headache, blurry vision, BUN 28 mg/dL, creatinine 2.2 mg/dL, and urine protein. Which explanation best supports the case study's classification as a hypertensive emergency rather than urgency?",The diastolic BP alone establishes an emergency regardless of the other assessment findings,His elevated LDL and triglycerides establish that an acute stroke has already occurred,The severe BP elevation is accompanied by findings concerning for target-organ injury,His history of DVT establishes that a pulmonary embolism is causing the high BP,C,"The teacher outline distinguishes emergency from urgency by evidence of acute target-organ involvement, not the pressure alone. In the supplied case, visual symptoms and renal abnormalities support that concern. Dyslipidemia and previous DVT are risk/history findings, not proof of an acute stroke or PE. The case does not provide a baseline creatinine, so the nurse should evaluate the complete presentation rather than infer an acute change from that value alone. (Sources: Chapter 31 Brian More case study; teacher outline, Chapter 31. Outline focus: Recognize cues; distinguish emergency from urgency. Slides 118, 121, 126–127.)"
Question 92,Chapter 31,"Brian's admission results include fasting glucose 250 mg/dL, LDL 180 mg/dL, HDL 30 mg/dL, triglycerides 300 mg/dL, BUN 28 mg/dL, creatinine 2.2 mg/dL, and positive urine protein. Which handoff statement most accurately separates probable organ involvement from vascular risk?",The renal results suggest kidney involvement; the lipid pattern and hyperglycemia add vascular risk,The lipid results establish acute kidney injury; the renal results mainly predict future plaque formation,The glucose result establishes retinal hemorrhage; the lipid results confirm left ventricular hypertrophy,"All of these results are risk factors only, so none warrants assessment for current organ damage",A,"Elevated BUN and creatinine with proteinuria support probable renal involvement. Dyslipidemia and hyperglycemia increase vascular risk but do not independently diagnose retinal hemorrhage or left ventricular hypertrophy. The outline specifically calls for interpreting the full data set to distinguish probable damage from risk. (Sources: Chapter 31 Brian More case study; teacher outline, Chapter 31. Outline focus: Analyze the complete laboratory data set. Slides 118–119.)"
Question 93,Chapter 31,"Brian has persistent BP 180/122 mm Hg with headache and blurry vision. His SpO2 is 96%, and he has no respiratory distress. The prescribed plan includes treatment of his crisis BP, a routine fingerstick, and his daily statin. Which nursing priority best follows the teacher outline?",Obtain the routine fingerstick first because any glucose above 200 mg/dL outweighs symptomatic hypertension,Administer his daily statin first because lowering LDL will immediately correct the crisis BP,Begin routine oxygen first because oxygen takes priority even when oxygenation is adequate,Implement the prescribed crisis-BP treatment with close monitoring before routine glucose and lipid-related tasks,D,"The outline prioritizes treatment of symptomatic crisis BP over routine statin administration and routine glucose checks. His stated oxygenation and breathing do not create an immediate oxygenation priority. Glucose monitoring remains necessary, but this case gives no signs of a competing acute glucose emergency. Use the prescribed emergency plan and monitoring; this item tests priority, not a universal drug or route. (Sources: Chapter 31 Brian More case study; teacher outline, Chapter 31. Outline focus: Sequence orders during the symptomatic crisis. Slides 118, 122, 130.)"
Question 94,Chapter 31,A nurse plans admission monitoring for Brian while his symptomatic hypertension is treated. Which plan most completely follows the teacher outline?,Frequent BP and HR checks with neurologic and renal assessment deferred until the BP becomes normal,"Frequent BP and HR checks, strict intake/output, glucose monitoring, and neurologic/cranial nerve screening","Daily lipid testing, weekly weights, and an end-of-shift BP check while the medications take effect",Continuous oxygen saturation monitoring with glucose and urine output checked only if he becomes confused,B,"The teacher outline explicitly includes vital signs, intake/output, glucose, and neurologic/cranial nerve screening during the crisis. These monitor hemodynamic response, renal status, diabetes, and possible cerebral complications. Follow that broader outline even though the original slide multiple-response item emphasizes vital signs, intake/output, and glucose. (Sources: Chapter 31 Brian More case study; teacher outline, Chapter 31. Outline focus: Plan priority assessments during a hypertensive crisis. Slides 123, 130; teacher outline governs the full assessment set.)"
Question 95,Chapter 31,Brian asks why the nurse measures his urine output carefully when he came to the hospital for high BP. Which explanation best fits his case?,Your high LDL means urine output is the most accurate way to measure the amount of plaque in your arteries,"Your kidney tests and urine protein suggest kidney involvement, so output helps us follow renal perfusion and treatment response",Your glucose level means every increase in urine output proves that the kidney damage has resolved,Your past DVT means urine output is the preferred test for detecting a new clot in your leg,B,"Brian has elevated BUN and creatinine plus proteinuria. Strict intake/output supports assessment of kidney function and perfusion and helps evaluate the response to the prescribed diuretic and BP treatment. Output must be interpreted with laboratory trends and the rest of the assessment; increased urination alone does not prove recovery. (Sources: Chapter 31 Brian More case study; teacher outline, Chapter 31. Outline focus: Connect renal findings to strict intake/output monitoring. Slides 118, 119, 123.)"
Question 96,Chapter 31,"One hour after Brian receives his prescribed diuretic and antihypertensives, BP falls from 180/100 to 150/90 mm Hg. Two days later it is 125/80, HR is 72/min, and BUN and creatinine have normalized. Which conclusion is best?",The normal BP establishes that all retinal and ventricular changes have already disappeared,The lower HR alone proves that the renal abnormalities no longer need follow-up,"The combined BP, HR, and renal trends support an effective treatment response, with continued long-term management needed",The normal renal tests show that BP medication can now be replaced by the statin alone,C,"The outline defines improvement through BP and HR normalization together with renal laboratory improvement. These combined trends support treatment effectiveness. They do not establish reversal of structural heart or retinal damage and do not justify stopping prescribed therapy. (Sources: Chapter 31 Brian More case study; teacher outline, Chapter 31. Outline focus: Evaluate response using BP, HR, and renal trends. Slides 119, 131.)"
Question 97,Chapter 31,"Brian's BP and kidney laboratory results improve, but testing shows left ventricular hypertrophy and retinal damage. His daughter asks whether normal BP means follow-up is no longer needed. Which response is best?","Improved BP reduces further injury, but existing heart and eye changes still require ongoing treatment and follow-up","Once kidney laboratory results normalize, the heart and retinal changes are considered resolved as well",Only the eye findings need follow-up because ventricular hypertrophy does not relate to chronic hypertension,Follow-up can wait until he again develops headaches because symptoms reliably indicate uncontrolled BP,A,"The case identifies ventricular hypertrophy and retinal damage despite improved BP and renal results. The outline emphasizes preventing progression through consistent treatment and follow-up. Hypertension can be asymptomatic, and improvement in one organ system does not prove recovery in every affected organ. (Sources: Chapter 31 Brian More case study; teacher outline, Chapter 31. Outline focus: Interpret organ damage and the need for continued management. Slides 119–120; outline: hypertension complications and adherence.)"
Question 98,Chapter 31,"During discharge teaching, Brian says, ""Both my parents died from strokes, so changing my habits probably will not help."" Which response best addresses his case-specific risks?","Because both parents had strokes, only his inherited risk matters when planning prevention","His statin removes the vascular effects of smoking, so tobacco cessation is a lower-value goal","Once his BP is controlled, his glucose and lipid levels no longer contribute to vascular risk","Family history cannot be changed, but stopping smoking and managing BP, lipids, glucose, and activity can reduce additional risk",D,"Brian has a strong family history plus modifiable risks, including smoking, hypertension, dyslipidemia, diabetes, obesity, and inactivity when present. The outline emphasizes addressing modifiable risks despite age or genetic risk. Medication does not cancel tobacco exposure or make glucose and lipid management unnecessary. (Sources: Chapter 31 Brian More case study; teacher outline, Chapter 31. Outline focus: Teach smoking cessation and distinguish modifiable from nonmodifiable risks. Slides 117–120, 124, 128.)"
Question 99,Chapter 31,"Brian and his daughter are planning meals after discharge. His teaching plan follows the teacher outline's approximately 1,600-mg daily sodium target. Which statement shows the best understanding?","We will avoid the saltshaker, so sodium listed on packaged foods does not need to be counted","We will allow 1,600 mg at each meal because the limit applies separately to breakfast, lunch, and dinner","We will add the sodium in all servings eaten each day and favor fruits, vegetables, and foods low in saturated fat",We will focus only on avoiding sugar because the DASH plan does not address sodium or fat,C,"The outline specifies an approximately 1,600-mg daily sodium target, not a per-meal allowance. Total sodium includes packaged foods and every serving consumed. DASH teaching also emphasizes fruits, vegetables, and lower saturated fat. Diabetes management and BP-focused nutrition both remain relevant for Brian. (Sources: Chapter 31 Brian More case study; teacher outline, Chapter 31. Outline focus: Apply DASH and daily sodium teaching. Slides 28–29, 120, 124.)"
Question 100,Chapter 31,"At discharge, Brian explains how he will manage his medications and activity. Which statement requires the nurse to reteach the plan before he leaves?","I will sit up first and stand slowly, and I will ask for help if I become dizzy","If I feel well and my home BP is normal, I will skip the BP drugs and restart them when I have a headache",I will record my home BP and bring the readings to the planned follow-up visits,I will take the medications on the prescribed schedule and follow any specific hold instructions,B,"Symptom-based or occasional dosing conflicts with the teacher outline. Normal readings may reflect effective medication, and hypertension can cause damage without symptoms. Slow position changes, home monitoring, planned follow-up, and adherence within prescribed parameters fit Brian's discharge plan. (Sources: Chapter 31 Brian More case study; teacher outline, Chapter 31. Outline focus: Assess adherence and orthostatic safety through teach-back. Slides 120, 124–125.)"
Question 101,Chapter 32,A client with unstable BP requires frequent titration of a vasoactive infusion and repeated ABG sampling. Which monitoring device most directly meets these needs?,A routine intermittent temperature probe,An arterial catheter,A central venous catheter used only for CVP,A peripheral pulse oximeter alone,B,"An arterial catheter provides continuous BP measurement and access for arterial blood sampling. CVP assesses right-sided filling pressure, while pulse oximetry estimates saturation rather than directly measuring BP or arterial gases. (Sources: Chapter 32 slides and teacher outline: Hemodynamic monitoring: arterial line; slides 5–10.)"
Question 102,Chapter 32,"After repositioning a client, the arterial pressure abruptly changes even though the cuff pressure and clinical assessment are unchanged. The transducer was not moved. What should the nurse check first?",Whether the transducer remains level with the phlebostatic axis,Whether the client needs a routine fluid bolus based only on the displayed number,Whether the next vasopressor dose can be doubled immediately,Whether the arterial catheter should be removed without inspecting the setup,A,A change in the transducer's height relative to the client can distort pressure readings. Re-level and validate the system before making treatment changes based on an unexplained discrepancy. Always correlate the monitor with the client. (Sources: Chapter 32 slides and teacher outline: Hemodynamic monitoring: leveling after repositioning; slide 7 and outline.)
Question 103,Chapter 32,The nurse prepares to zero an invasive pressure transducer. Which sequence is correct?,"Administer a fluid bolus, record the highest reading, and label that value as zero","Open the patient catheter directly to air, flush blood out, and then zero the monitor","Isolate the patient from the open port, open the transducer to air, zero, then restore measurement to the patient",Zero while the transducer is closed to atmospheric pressure and leave the patient connection off,C,Zeroing establishes atmospheric pressure as the reference while the patient is isolated from the open port. The system is then returned to patient measurement. The client's catheter must not be opened directly to air. (Sources: Chapter 32 slides and teacher outline: Hemodynamic monitoring: zeroing; condensed deck page 3 and outline.)
Question 104,Chapter 32,"An arterial waveform is blunted, the dicrotic notch is difficult to see, and systolic pressure reads lower than the cuff value. Which interpretation is most likely?",An underdamped monitoring system,A normal waveform that proves the cuff is inaccurate,A waveform that independently confirms cardiogenic shock,An overdamped monitoring system,D,"A blunted waveform and reduced systolic amplitude suggest overdamping. Assess the client and inspect the system for causes such as air, obstruction, or inappropriate tubing. A distorted signal cannot independently establish the shock diagnosis. (Sources: Chapter 32 slides and teacher outline: Hemodynamic monitoring: waveform troubleshooting; slide 10 and outline.)"
Question 105,Chapter 32,"An arterial tracing has unusually tall peaks with repeated ringing. The arterial systolic reading is much higher than the cuff reading, while the client appears unchanged. What should the nurse do?",Immediately increase antihypertensive treatment without validating the waveform,Document the arterial systolic number as unquestionably accurate because the line is invasive,Assume the ringing indicates a new atrial dysrhythmia and ignore the pressure setup,Evaluate an underdamped system before titrating treatment solely to the exaggerated systolic value,D,Underdamping can exaggerate systolic pressure and cause ringing. Validate the setup and dynamic response and correlate with clinical and cuff findings. An invasive measurement is not automatically reliable when its waveform is distorted. (Sources: Chapter 32 slides and teacher outline: Hemodynamic monitoring: underdamping; slide 10 and outline.)
Question 106,Chapter 32,A client has a central venous catheter used to measure CVP. Which interpretation of that measurement is appropriate?,It directly measures left ventricular ejection fraction,It reflects right atrial pressure and contributes to assessment of right-sided filling,It identifies the exact coronary artery causing an MI,It independently measures the amount of oxygen remaining in pulmonary venous blood,B,"CVP reflects right atrial pressure and provides information about right-sided filling. Interpret it with the broader clinical picture; it is not a direct measure of EF, coronary anatomy, or pulmonary venous oxygenation. (Sources: Chapter 32 slides and teacher outline: Hemodynamic monitoring: central venous pressure; slides 11–12.)"
Question 107,Chapter 32,"During pulmonary artery catheter insertion, the team observes changing pressure waveforms as the catheter advances. Which sequence is anatomically correct?","Pulmonary artery, aorta, right atrium, then left ventricle","Left ventricle, right ventricle, pulmonary artery, then vena cava","Right atrium, left atrium, left ventricle, then the aorta","Right atrium, right ventricle, pulmonary artery, then an occlusion waveform when appropriately wedged",D,The catheter travels through the right side of the heart into the pulmonary artery. Appropriate temporary balloon occlusion produces the wedge/PAOP tracing. The catheter does not pass through the left heart during this route. (Sources: Chapter 32 slides and teacher outline: Hemodynamic monitoring: PA catheter path; slides 13–15.)
Question 108,Chapter 32,"A client after a large LV infarction has CO 2.1 L/min, high PAOP, high SVR, and low SvO2. Which interpretation best integrates these findings?",A high-output state with excessive systemic vasodilation,Normal systemic perfusion because elevated filling pressure guarantees adequate output,Primary hypovolemia with low cardiac filling pressures,Low-output LV pump failure with congestion and compensatory vasoconstriction,D,"Low CO with high left-sided filling pressure and high SVR fits cardiogenic shock from LV failure. Low SvO2 supports inadequate delivery relative to tissue demand. High filling pressure does not mean the heart is ejecting effectively. (Sources: Chapter 32 slides and teacher outline: Hemodynamic profiles: cardiogenic shock; slides 55, 64, 72.)"
Question 109,Chapter 32,"Two clients are hypotensive. Client A has low CO, high PAOP, and crackles after MI. Client B has low CO and low filling pressures after major blood loss. Which distinction is most useful?",Both have identical volume deficits because every low BP requires the same fluid treatment,Client A has a congested failing pump; Client B has inadequate circulating volume,Client A has distributive shock because crackles prove low SVR,Client B has cardiogenic shock because any reduction in CO indicates myocardial failure,B,Low BP and low CO occur through different mechanisms. Elevated filling pressure with pulmonary congestion after MI favors pump failure; blood loss with low filling pressure favors hypovolemia. Treatment must reflect the cause and congestion status. (Sources: Chapter 32 slides and teacher outline: Hemodynamic monitoring: compare shock states; teacher outline.)
Question 110,Chapter 32,"In a low-output client after MI, SvO2 falls from 65% to 48% while oxygen delivery remains inadequate. What does this trend suggest?",The sample proves that all tissues are receiving sufficient oxygen,Cardiac output has necessarily doubled because venous saturation fell,Tissues are extracting a larger fraction of delivered oxygen in a low-flow state,The lungs are transferring too much oxygen and should receive less inspired oxygen immediately,C,"Low SvO2 can reflect increased extraction when oxygen delivery is inadequate relative to demand. Interpret the trend with CO, hemoglobin, arterial oxygenation, and clinical perfusion rather than assuming a single cause or changing oxygen blindly. (Sources: Chapter 32 slides and teacher outline: Hemodynamic monitoring: SvO2 in cardiogenic shock; slide 64.)"
Question 111,Chapter 32,"A client with diabetes reports new jaw pressure, nausea, diaphoresis, and shortness of breath but denies severe central chest pain. Which action is most appropriate?",Reassure the client that MI requires severe central chest pain,Arrange routine outpatient testing because the symptoms are atypical,Assess for acute coronary syndrome and obtain the ordered urgent ECG,Delay cardiac assessment until gastrointestinal medication fails,C,"MI can present with jaw discomfort, nausea, sweating, dyspnea, or fatigue. Absence of severe central chest pain does not exclude ACS, especially in a high-risk client. Prompt assessment and ECG help prevent delay. (Sources: Chapter 32 slides and teacher outline: Myocardial infarction: presentation and diagnosis; slides 17, 20–21.)"
Question 112,Chapter 32,"A client has ischemic chest discomfort, ST depression, and a rising troponin above the laboratory reference range. Which interpretation is most appropriate?",NSTEMI is a concern because ischemic symptoms accompany evidence of myocardial injury without ST elevation,Stable angina is confirmed because ST depression always occurs without tissue injury,Unstable angina is established because any absence of ST elevation excludes necrosis,The troponin result is irrelevant because only ST elevation can identify an infarction,A,"In the stated ischemic setting, a troponin rise indicates myocardial injury consistent with NSTEMI. Unstable angina does not have biomarker evidence of necrosis. Troponin must be interpreted in clinical context rather than as a stand-alone diagnosis. (Sources: Chapter 32 slides and teacher outline: Myocardial infarction: ACS spectrum; slides 18–22.)"
Question 113,Chapter 32,A client has new ischemic chest pain at rest. Serial troponins remain below the injury threshold and the team diagnoses unstable angina. Which explanation best distinguishes this from MI?,There is no coronary risk because the troponin remains below the threshold,There is myocardial necrosis that is excluded only when ST elevation appears,There is myocardial ischemia without demonstrated myocardial necrosis,"There is complete recovery, so recurrence of symptoms does not need urgent reporting",C,Unstable angina involves ischemic symptoms without biomarker evidence of infarction. It remains an acute coronary syndrome requiring evaluation and treatment. Negative troponins do not make new rest symptoms harmless. (Sources: Chapter 32 slides and teacher outline: Myocardial infarction: unstable angina versus infarction; slide 19.)
Question 114,Chapter 32,A client with ongoing ischemic chest pain has a diagnostic STEMI ECG. The catheterization team is available. Which action best addresses the cause of threatened muscle loss?,Focus only on pain relief once the client reports less discomfort,Prepare promptly for prescribed PCI while continuing stabilization and monitoring,Wait for serial troponin results to peak before preparing for reperfusion,Delay intervention until a routine outpatient stress test identifies exercise tolerance,B,STEMI requires rapid reperfusion to restore flow and limit myocardial death. Stabilization and symptom control support care but do not replace opening the obstructed artery. Troponin peak should not be awaited when the diagnosis and treatment pathway are established. (Sources: Chapter 32 slides and teacher outline: Myocardial infarction: reperfusion and PCI; slides 23–26.)
Question 115,Chapter 32,"A client with acute MI has SpO2 84% and respiratory distress. Prescribed oxygen, aspirin, and anti-ischemic medications are available. Which action is the immediate priority?",Delay oxygen until the complete cardiac enzyme panel returns,Treat pain alone and assume oxygenation will normalize when pain decreases,Apply oxygen and support breathing while proceeding with the other urgent ACS care,Give the oral statin before addressing the low oxygen saturation,C,The outline prioritizes correction of hypoxemia in MI. Clear hypoxemia with distress requires immediate support while other time-sensitive ACS interventions proceed. This does not mean that oxygen is automatically indicated for every normoxemic chest-pain client. (Sources: Chapter 32 slides and teacher outline: Myocardial infarction: hypoxemia and order priorities; outline.)
Question 116,Chapter 32,A client with ACS asks why aspirin was prescribed along with nitroglycerin. Which explanation is best?,"Aspirin directly dissolves the existing clot, while nitroglycerin replaces reperfusion","Aspirin reduces platelet aggregation, while nitroglycerin helps reduce ischemic symptoms and cardiac workload",Both medications reverse myocardial necrosis within minutes of administration,"Aspirin raises the heart rate, while nitroglycerin permanently repairs damaged muscle",B,"The drugs have different roles. Aspirin limits platelet aggregation; nitroglycerin can improve ischemic symptoms through vascular effects and reduced workload. Neither reverses established necrosis or replaces indicated reperfusion. (Sources: Chapter 32 slides and teacher outline: Myocardial infarction: medication purposes; slides 23–24, 35.)"
Question 117,Chapter 32,"Before a scheduled IV beta-blocker dose after MI, a client's BP is 78/46 mm Hg, with cool skin and new confusion. What is the best action?",Withhold the dose pending urgent evaluation and notify the provider of possible shock,Administer an extra dose because the sympathetic response must be eliminated immediately,Give the dose and postpone the next assessment until its peak effect,Give the dose because reducing HR is always the first priority after MI,A,"Beta blockers can reduce myocardial workload in suitable patients, but new shock and hypotension require reassessment. Additional suppression of rate or contractility could worsen perfusion. Medication purpose does not override current hemodynamic contraindications. (Sources: Chapter 32 slides and teacher outline: Myocardial infarction: beta blockers; cardiogenic shock assessment.)"
Question 118,Chapter 32,"A client with STEMI cannot receive timely PCI, and the team considers fibrinolysis. Which finding requires immediate clarification before treatment?",Current significant gastrointestinal bleeding,An elevated troponin with ischemic ECG changes,A history of treated hypertension with a currently stable BP,Chest discomfort beginning shortly before arrival,A,Fibrinolysis can cause major bleeding and requires eligibility and contraindication screening. Active significant bleeding is a major concern. The other findings do not by themselves establish this bleeding contraindication. (Sources: Chapter 32 slides and teacher outline: Myocardial infarction: fibrinolysis and reperfusion selection.)
Question 119,Chapter 32,"After CABG, a client's chest tube output abruptly increases to 260 mL of bright-red blood in one hour, and BP begins falling. Which action is most appropriate?",Begin ambulation to stimulate drainage before notifying the surgeon,Notify the surgical team immediately and assess for hemorrhage and impaired perfusion,Clamp the chest tubes to keep circulating blood inside the chest,Document the drainage as expected and wait for the next routine blood count,B,A sudden bright-red increase with falling BP raises concern for postoperative hemorrhage. Prompt surgical evaluation and hemodynamic assessment are required. Clamping does not correct blood loss and may cause dangerous accumulation. (Sources: Chapter 32 slides and teacher outline: Post-CABG: chest drainage and hemodynamics; slide 34.)
Question 120,Chapter 32,A post-CABG client produces 18 mL of urine in one hour and 20 mL in the next. The urinary catheter is patent. Which response best follows the course guidance?,Wait until complete anuria occurs before reporting a possible renal problem,Remove fluid limits and encourage a large oral intake without assessing congestion,Continue routine monitoring because any urine output rules out a perfusion problem,"Notify the provider and assess cardiac output, BP, and renal status",D,"The slides call for reporting urine output below 30 mL/hour for two hours. With obstruction excluded, low output may reflect impaired renal perfusion or injury. Evaluate the hemodynamic context rather than assuming a fluid deficit. (Sources: Chapter 32 slides and teacher outline: Post-CABG: renal surveillance; slide 34.)"
Question 121,Chapter 32,A client returning from CABG is hypothermic and shivering. Why should rewarming be controlled and shivering addressed?,Rapid warming prevents every dysrhythmia and is preferred regardless of BP,"Shivering is needed to protect the grafts, so analgesia and warming should be withheld","Shivering increases oxygen demand, while overly rapid warming can cause vasodilation and hypotension",Temperature has no meaningful effect on myocardial workload after surgery,C,"The chapter recommends gradual rewarming and prevention of shivering. Shivering raises metabolic demand, and rapid warming can contribute to hypotension or dysrhythmia. Monitor temperature and hemodynamic response together. (Sources: Chapter 32 slides and teacher outline: Post-CABG: rewarming; slides 33, 36.)"
Question 122,Chapter 32,"An extubated, stable post-CABG client avoids coughing because of incisional pain. Which plan best supports pulmonary recovery?","Provide prescribed analgesia, teach incision splinting, and assist coughing, deep breathing, and early mobility",Suppress all coughing until the incision has completely healed,Maintain strict bed rest and delay pulmonary hygiene until discharge,Encourage only shallow breathing to avoid increasing chest discomfort,A,Pain control and splinting make effective coughing and deep breathing more tolerable. Pulmonary hygiene and appropriate early mobility reduce respiratory and immobility complications. Avoidance of these activities can worsen secretion retention and atelectasis. (Sources: Chapter 32 slides and teacher outline: Post-CABG: pulmonary hygiene and mobility; slide 36.)
Question 123,Chapter 32,A client with dilated cardiomyopathy asks why a low ejection fraction causes fatigue and dyspnea. Which explanation is most accurate?,Low ejection fraction indicates only a slow heart rate with normal contraction,An enlarged ventricle necessarily pumps more blood with every beat,Weakened ventricular contraction reduces forward flow and can cause congestion,Cardiomyopathy affects the vessels but cannot alter heart-muscle function,C,"Dilated cardiomyopathy can weaken systolic contraction, reducing effective output and promoting congestion. Chamber enlargement does not guarantee a larger effective stroke volume. EF reflects the fraction ejected, not heart rate alone. (Sources: Chapter 32 slides and teacher outline: Cardiomyopathy: structural and functional changes; slides 40–43.)"
Question 124,Chapter 32,"A client with cardiomyopathy asks why an ACE inhibitor, a beta blocker, and a diuretic are prescribed together. Which response best matches the outline?",They cure the structural disease once the first normal BP reading is obtained,They all act only as anticoagulants to prevent ventricular clots,"They address workload and remodeling through different mechanisms, while the diuretic reduces excess volume","They serve identical purposes, so taking any one replaces the other two",C,The prescribed regimen addresses different contributors to symptoms and progression. ACE inhibition and beta blockade affect workload and neurohormonal mechanisms; diuretics manage congestion. They are not interchangeable and do not cure the underlying structural disease. (Sources: Chapter 32 slides and teacher outline: Cardiomyopathy: combined medication rationale; teacher outline.)
Question 125,Chapter 32,A client with cardiomyopathy and ventricular dyssynchrony is scheduled for a resynchronization pacemaker. What benefit is the team primarily seeking?,More coordinated ventricular contraction to improve pumping efficiency,Permanent elimination of the need for heart-failure medications,Removal of an obstructing coronary plaque through the pacing leads,Treatment of venous valve incompetence by increasing the heart rate,A,"Resynchronization pacing aims to coordinate ventricular contraction in selected patients with dyssynchrony. This may improve function but does not remove coronary plaque, repair peripheral veins, or automatically replace medical therapy. (Sources: Chapter 32 slides and teacher outline: Cardiomyopathy: device therapy for dyssynchrony; outline.)"
Question 126,Chapter 32,"A client with cardiomyopathy says, ""Now that I have an ICD, the weak heart muscle is fixed and I can stop my medicines."" Which response is best?",Medicines are needed only if the ICD delivers a shock that day,The ICD replaces all medication because it continuously strengthens the ventricle,The device prevents every episode of fluid overload regardless of diet or medication,The ICD treats dangerous rhythms; your structural heart disease still needs the prescribed treatment,D,An ICD detects and treats potentially lethal ventricular rhythms. It does not cure cardiomyopathy or prevent every consequence of pump dysfunction. Continuing the individualized medication and self-care plan remains essential. (Sources: Chapter 32 slides and teacher outline: Cardiomyopathy: ICD purpose and limitations; outline.)
Question 127,Chapter 32,A client with cardiomyopathy and an implanted device reports new palpitations and near-syncope. Which response is most appropriate?,Reassure the client that an implanted device makes serious dysrhythmia impossible,Promptly assess rhythm and perfusion and notify the treating team,Arrange routine follow-up only if the symptoms continue for several weeks,Treat the symptoms as proof of successful device function without assessment,B,New palpitations with near-syncope may indicate electrical instability or inadequate perfusion and need prompt evaluation. A pacemaker or ICD does not make symptoms benign or establish that the device has corrected the problem. (Sources: Chapter 32 slides and teacher outline: Cardiomyopathy: complication cues; teacher outline.)
Question 128,Chapter 32,"A client with cardiomyopathy has worsening orthopnea, increasing edema, and declining activity tolerance. Which interpretation should guide the nurse's response?",The pattern suggests worsening congestion and requires reassessment of the care plan,The edema makes respiratory assessment unnecessary because the problem is peripheral,The client should independently double every cardiac medication,The findings show that ventricular remodeling has fully resolved,A,"Worsening breathlessness when lying down, edema, and reduced tolerance suggest deterioration in cardiac function or fluid balance. The nurse should evaluate and communicate changes, not assume recovery or recommend unsupervised dose changes. (Sources: Chapter 32 slides and teacher outline: Cardiomyopathy: assessment, teaching, and outcomes; slides 51–54.)"
Question 129,Chapter 32,"A client after MI has BP 80/48 mm Hg, tachycardia, cool clammy skin, crackles, oliguria, and confusion. Which mechanism best explains the suspected shock?",Impaired myocardial contractility produces inadequate cardiac output and tissue perfusion,Loss of circulating blood volume is necessarily the primary cause of every post-MI low BP,Peripheral vasodilation has eliminated ventricular filling pressure,A high cardiac output is shunting too much oxygen toward peripheral tissues,A,"The post-MI picture with congestion and systemic hypoperfusion supports cardiogenic shock from pump failure. Hypovolemia and distributive mechanisms differ and require their own supporting evidence. Shock cannot be classified from BP alone. (Sources: Chapter 32 slides and teacher outline: Cardiogenic shock: mechanism and recognition; slides 55, 64.)"
Question 130,Chapter 32,"A client with cardiogenic shock has pH 7.25, HCO3 17 mEq/L, and elevated lactate. What is the best interpretation?",The low bicarbonate proves isolated respiratory acidosis from CO2 retention,Inadequate tissue perfusion is contributing to anaerobic metabolism and metabolic acidosis,The laboratory pattern establishes normal tissue oxygen delivery,The lactate rise is a desired effect showing restored cardiac output,B,"Low pH with reduced bicarbonate and elevated lactate supports metabolic acidosis associated with inadequate perfusion. It is a warning of tissue oxygen-delivery failure, not an indicator of successful compensation. (Sources: Chapter 32 slides and teacher outline: Cardiogenic shock: metabolic and lactic acidosis; slides 55, 57, 64.)"
Question 131,Chapter 32,A client with cardiogenic shock has low CO and high SVR. A student asks why vasoconstriction occurs when the ventricle is already struggling. Which explanation is best?,High SVR proves that the original shock mechanism was fluid loss,High SVR means the body has stopped all compensatory activity,Vasoconstriction permanently repairs injured myocardial cells,Sympathetic compensation supports pressure but can increase afterload and myocardial workload,D,"Reduced output triggers sympathetic vasoconstriction and tachycardia. These may support pressure but increase workload and can reinforce ischemia. The compensatory pattern does not by itself establish hypovolemia. (Sources: Chapter 32 slides and teacher outline: Cardiogenic shock: compensatory cycle; slides 55, 64.)"
Question 132,Chapter 32,A client with cardiogenic shock is prescribed norepinephrine and dobutamine. Which comparison is most accurate?,Both drugs lower BP solely by causing profound venous pooling,Norepinephrine dissolves the coronary clot; dobutamine prevents platelet aggregation,"Dobutamine replaces oxygen therapy, while norepinephrine repairs ventricular scar tissue",Norepinephrine supports vascular tone and BP; dobutamine primarily improves contractility and output,D,"The case and outline distinguish vasopressor support from inotropic support. Norepinephrine supports BP through vascular effects; dobutamine is used to improve contractility. Both require close monitoring and neither reperfuses an occluded coronary artery by dissolving clot. (Sources: Chapter 32 slides and teacher outline: Cardiogenic shock: vasoactive and inotropic roles; slides 58, 65, 71.)"
Question 133,Chapter 32,"A client with LV cardiogenic shock has high PAOP, diffuse crackles, and worsening hypoxemia. An additional large fluid bolus is proposed. What is the best nursing response?",Clarify the bolus in light of high filling pressure and pulmonary congestion,Use normal body temperature as proof that excess fluid cannot cause harm,Ignore the PAOP because it never contributes to fluid decisions,Give it rapidly because every shock state requires identical volume loading,A,"The chapter limits fluid replacement to appropriate circumstances such as low filling pressures. With high filling pressure and congestion, indiscriminate volume can worsen pulmonary edema. The plan should be clarified using the complete clinical and hemodynamic picture. (Sources: Chapter 32 slides and teacher outline: Cardiogenic shock: fluid decisions; slide 65.)"
Question 134,Chapter 32,An IABP is being used for a client with cardiogenic shock. Which timing best describes its intended assistance?,Inflate during systolic ejection and remain inflated throughout diastole,Remain continuously inflated to block aortic flow,Deflate only when the client develops a ventricular dysrhythmia,Inflate during diastole and deflate just before systolic ejection,D,"Diastolic inflation augments coronary perfusion; deflation before systolic ejection reduces resistance to LV ejection. The timing distinguishes counterpulsation from continuous balloon inflation, which would obstruct rather than assist flow. (Sources: Chapter 32 slides and teacher outline: Mechanical support: IABP; slides 59–60, 65.)"
Question 135,Chapter 32,A client with a femoral IABP bends the affected knee and raises the head of the bed to 60 degrees. What should the nurse do?,Encourage the position because hip flexion improves balloon timing,Remove the monitoring leads so movement does not trigger alarms,Leave the position unchanged as long as the client reports no pain,Restore the prescribed position with the affected leg straight and head elevation within the device protocol,D,The course specifies a straight affected leg and head elevation no more than 30 degrees for the described femoral IABP setup. Positioning protects catheter placement and function. Follow the device and institutional protocol rather than comfort alone. (Sources: Chapter 32 slides and teacher outline: Mechanical support: IABP nursing safeguards; slide 65.)
Question 136,Chapter 32,"During IABP care, the cannulated-side foot becomes cool and pale with a diminished pedal pulse compared with the previous assessment. Which action is appropriate?",Promptly assess limb perfusion and notify the team of possible catheter-related ischemia,Document the change as expected because all IABPs eliminate pedal pulses,Massage the calf vigorously and defer vascular reassessment,Wait until the client develops paralysis before reporting the change,A,"A femoral arterial device can compromise distal circulation. New color, temperature, and pulse changes require prompt assessment and escalation to protect the limb. Pain or paralysis need not be present before reporting ischemic cues. (Sources: Chapter 32 slides and teacher outline: Mechanical support: distal perfusion assessment; slide 65.)"
Question 137,Chapter 32,An Impella is placed for severe LV pump failure. Which explanation best describes the support it provides?,"It moves blood from the LV into the aorta, unloading the ventricle and supporting forward flow",It drains the right ventricle into the left atrium to bypass the lungs,It provides only an electrical stimulus and cannot support blood flow directly,It permanently replaces the heart muscle with functioning tissue,A,"Impella is a mechanical pump that draws blood from the LV and delivers it into the aorta, reducing LV work and supporting systemic flow. It does not heal the myocardium directly or function solely as an electrical pacing device. (Sources: Chapter 32 slides and teacher outline: Mechanical support: Impella; slides 72, 78 and outline.)"
Question 138,Chapter 32,"Despite reperfusion and medication support, a client remains in severe cardiogenic shock. The team discusses temporary mechanical support. Which explanation is most appropriate?",It is used only when the heart is structurally normal and CO is high,It guarantees full myocardial recovery and removes the need for further assessment,"It replaces every need to monitor oxygenation, renal function, and neurologic status",It can support circulation as a bridge to recovery or a further definitive treatment decision,D,"Mechanical circulatory support may stabilize perfusion while recovery or advanced therapy is assessed. It does not guarantee recovery or eliminate monitoring. The outline includes IABP, VAD, ECMO, and transplant consideration for selected refractory cases. (Sources: Chapter 32 slides and teacher outline: Cardiogenic shock: advanced support; slide 59 and outline.)"
Question 139,Chapter 32,"During shock treatment, BP rises only after a large increase in vasopressor dose, while CO remains low, lactate rises, and urine output falls. Which conclusion is best?",The rising lactate confirms that vasopressor therapy has normalized oxygen delivery,The BP increase proves that shock has resolved even though organ indicators deteriorate,A higher BP alone does not establish recovery; tissue-perfusion findings are worsening,The falling urine output is reassuring because the kidneys need less blood during recovery,C,"Evaluate the support required to achieve BP together with output and organ-perfusion trends. Rising lactate and falling urine suggest ongoing hypoperfusion despite a higher displayed pressure. This needs prompt reassessment. (Sources: Chapter 32 slides and teacher outline: Cardiogenic shock: integrated evaluation; slides 64–65, 73.)"
Question 140,Chapter 32,"A client recovering from cardiogenic shock begins basic ADLs, sleeps comfortably, and expresses more control over recovery. Hemodynamics remain stable on reduced support. What do these findings indicate?",Evidence that additional symptom reporting is unnecessary,Functional and physiologic improvement consistent with the care goals,A reason to stop every medication immediately,Complete reversal of all coronary disease with no need for follow-up,B,"The outline includes return to ADLs, comfortable sleep, and a sense of control as recovery indicators. Stable physiology on less support strengthens that assessment, while long-term treatment and follow-up remain important. (Sources: Chapter 32 slides and teacher outline: Cardiogenic shock: evaluating recovery; slide 67.)"
Question 141,Chapter 32,"Martin King arrives with crushing chest pain radiating to the left shoulder, diaphoresis, nausea, BP 105/60 mm Hg, HR 110/min, and SpO2 90%. In the supplied case, which prescribed order has first priority?",Begin long-term dietary counseling before administering acute treatment,Delay all treatment until the troponin result returns,Apply the prescribed oxygen while continuing urgent ACS assessment,Give morphine before assessing oxygenation or response to ordered nitroglycerin,C,"The supplied case and teacher outline prioritize oxygenation in this presentation. The case explicitly orders oxygen and identifies it as the first action among its options. Other acute ACS measures remain time-sensitive; this case-specific ordering is not a rule to give oxygen to every normoxemic MI client. (Sources: Chapter 32 slides and teacher outline: Martin King case: slides 68, 75; outline: initial order priority.)"
Question 142,Chapter 32,"Martin's ECG shows ST elevation in V1 and V2, and the case reports troponin 12. Which interpretation best matches the supplied case?",An isolated inferior-wall pattern without evidence of myocardial injury,Unstable angina because ST elevation excludes myocardial necrosis,An anteroseptal/septal injury pattern with biomarker evidence supporting acute MI,A normal ECG because only limb leads can show infarction,C,"The case identifies the V1–V2 pattern as anteroseptal MI; these leads reflect the septal region. In the case context, the elevated troponin supports injury. The ECG and biomarker findings are interpreted together with his ischemic symptoms. (Sources: Chapter 32 slides and teacher outline: Martin King case: slide 70; outline: ECG/troponin interpretation.)"
Question 143,Chapter 32,"Before Martin deteriorates, metoprolol is given cautiously. Which intended effect best explains this early order?",Increase systemic vascular resistance as the main treatment for shock,Reduce heart rate and myocardial oxygen demand when hemodynamically appropriate,Dissolve the coronary thrombus before angiography,Increase contractility in the same way as dobutamine,B,"The case uses beta blockade to reduce sympathetic effects and cardiac workload. This role differs from a vasopressor, fibrinolytic, or inotrope. Caution is essential because developing hypotension or shock changes the medication assessment. (Sources: Chapter 32 slides and teacher outline: Martin King case: slides 69, 76; outline: medication purpose.)"
Question 144,Chapter 32,"Martin's BP falls to 75/50 mm Hg, HR increases to 115/min, and he becomes agitated with cool, pale extremities. Which interpretation should guide immediate care?",The lower BP indicates reduced cardiac workload and successful recovery,He is showing systemic hypoperfusion consistent with cardiogenic shock after MI,The agitation alone establishes an anxiety attack without circulatory compromise,The findings prove hemorrhagic shock even though no blood loss is described,B,"After MI, hypotension with cool skin and altered mentation strongly suggests inadequate cardiac output and tissue perfusion. The case identifies this deterioration as cardiogenic shock. Anxiety alone or an assumed blood loss does not explain the full picture. (Sources: Chapter 32 slides and teacher outline: Martin King case: slide 70; outline: recognize shock transition.)"
Question 145,Chapter 32,"During Martin's deterioration, ABGs are pH 7.23, PaCO2 34 mm Hg, PaO2 48 mm Hg, and HCO3 18 mEq/L. Which interpretation matches the case and outline?",Primary hypercapnic failure because PaCO2 is markedly elevated,Hypoxemia with a metabolic acidosis component consistent with impaired tissue perfusion,Adequate oxygenation with isolated respiratory alkalosis,Normal acid-base status because both PaCO2 and bicarbonate are below normal,B,"The low PaO2 demonstrates hypoxemia; low pH with reduced bicarbonate supports a metabolic acidosis component. In this shock context, anaerobic metabolism from poor perfusion is the key concern. The provided values do not support calling this isolated CO2 retention or a normal ABG. (Sources: Chapter 32 slides and teacher outline: Martin King case: slide 70; outline: hypoxemia and metabolic acidosis.)"
Question 146,Chapter 32,"Martin is started on norepinephrine and dobutamine, intubated, and transported for PCI. Which explanation best connects these interventions?",Support oxygenation and perfusion while restoring coronary flow to address the precipitating ischemia,Use medications to permanently replace reperfusion because the heart is too weak to benefit,Normalize laboratory values before considering any attempt to open the coronary artery,Treat presumed volume loss without addressing the infarction,A,"The case combines stabilization with rapid reperfusion: ventilation supports gas exchange, norepinephrine supports BP, dobutamine supports contraction, and PCI restores coronary flow. These complementary actions address both immediate failure and its ischemic cause. (Sources: Chapter 32 slides and teacher outline: Martin King case: slide 71; outline: actions during deterioration.)"
Question 147,Chapter 32,"After PCI and Impella placement, Martin has CO 2 L/min, PAOP 20 mm Hg, SVR 1,800, and SvO2 50%. Which assessment is most accurate?",He has a high-output distributive pattern because the SVR is reduced,He has isolated volume depletion because the PAOP is low,"He still has low output, elevated filling pressure, and inadequate oxygen delivery relative to demand",Normal perfusion is established because coronary intervention has already been completed,C,"The post-PCI numbers continue to fit cardiogenic shock: low CO, high PAOP and SVR, and low SvO2. Completing PCI does not immediately guarantee recovery of myocardial function or tissue perfusion. (Sources: Chapter 32 slides and teacher outline: Martin King case: slide 72; outline: hemodynamic profile.)"
Question 148,Chapter 32,Martin remains on an Impella CP after PCI. Which family explanation best follows the case and teacher outline?,The device pumps blood from the LV to the aorta to unload the weak ventricle while recovery is assessed,The device only monitors pressure and does not provide circulatory assistance,The device repairs all damaged muscle immediately and makes coronary follow-up unnecessary,The device moves blood from the aorta backward into the right ventricle,A,"The case identifies Impella as support for forward flow and reduced LV workload. The outline describes LV unloading. It is a temporary support strategy in this scenario, not proof of complete myocardial repair. (Sources: Chapter 32 slides and teacher outline: Martin King case: slides 72, 78; outline: mechanical support.)"
Question 149,Chapter 32,"Martin's BP improves to 105/65 mm Hg as norepinephrine is reduced. CO rises from 2 to 4 L/min, and PAOP falls from 20 to 16 after prescribed Lasix. Which conclusion is best?",Lower PAOP proves that all further diuretic and hemodynamic assessment can stop,The original shock diagnosis was incorrect because the client responded to treatment,Reduced norepinephrine means CO must also be falling regardless of the measured value,Perfusion and congestion trends support improvement while ongoing monitoring remains necessary,D,Higher CO and adequate BP on less vasopressor support favor recovery. The PAOP decrease after diuresis supports reduced filling pressure. The combination is more informative than any isolated number and does not remove the need for reassessment. (Sources: Chapter 32 slides and teacher outline: Martin King case: slide 73; outline: evaluate recovery.)
Question 150,Chapter 32,"Two days later, Martin's ABGs improve to pH 7.37, PaCO2 38 mm Hg, PaO2 85 mm Hg, and HCO3 24 mEq/L. CO is now 4 L/min with less vasopressor support. Which interpretation is best?",The normal pH alone proves that all cardiac and pulmonary support can be stopped immediately,"The combined acid-base, oxygenation, and output trends support improving systemic perfusion",The PaO2 increase is evidence of deterioration because tissue oxygen extraction must have stopped,The bicarbonate change establishes recurrent infarction without needing ECG or clinical data,B,"The case describes resolution of the metabolic acidosis pattern and improved oxygenation alongside better flow and reduced support. These integrated findings support recovery. They do not independently determine extubation, device removal, or medication discontinuation. (Sources: Chapter 32 slides and teacher outline: Martin King case: slide 73; outline: recovery and ABG trends.)"
Question 151,Chapter 32,"A client with untreated hypertension has BP 214/126 mm Hg, new confusion, blurred vision, and creatinine that increased from 0.9 to 2.3 mg/dL. Which interpretation should guide the nurse's immediate plan?",Severe asymptomatic hypertension requiring routine follow-up,Chronic hypertension with expected age-related renal changes,Hypertensive emergency with acute target-organ injury,Anxiety-related hypertension requiring observation only,C,"The new neurologic changes and acute creatinine increase indicate target-organ injury accompanying severe hypertension. This requires emergency treatment and monitoring. The BP number alone does not distinguish emergency from severe hypertension without acute injury. (Source: Ch31 slides 27, 118, 121; teacher outline: hypertensive crisis.)"
Question 152,Chapter 32,The nurse receives reports on four clients. Which client should be assessed first?,A client with BP 198/120 mm Hg and new right-arm weakness and slurred speech,"A client with BP 206/116 mm Hg, no symptoms, and an unchanged neurologic examination",A client with BP 168/96 mm Hg and a history of stable chronic kidney disease,A client with BP 156/90 mm Hg who requests teaching about a low-sodium diet,A,"New focal neurologic deficits suggest acute cerebral injury and require immediate stroke evaluation. They take priority over a higher BP reading without evidence of acute injury. Chronic disease and teaching needs do not have the same immediate urgency. (Source: Ch31 slides 27, 59, 61; teacher outline: priority assessments.)"
Question 153,Chapter 32,"A client with a confirmed hypertensive emergency is on continuous monitoring, has patent IV access, and has SpO2 97% on room air. Which prescribed intervention should the nurse implement first?",Administer the scheduled oral statin for an LDL level of 184 mg/dL,Arrange a dietary consultation for a sodium-restricted meal plan,Collect the scheduled fasting lipid panel before beginning treatment,Begin the prescribed titratable IV antihypertensive with frequent BP reassessment,D,"Treating the emergency BP and limiting further organ injury take priority over lipid testing, statin administration, and dietary teaching. True hypertensive emergencies generally require monitored IV treatment; the oral-drug example in the course case should not be generalized to all emergencies. (Source: Ch31 slides 121–122; teacher outline: priority sequencing; AHA 2024 clinical clarification.)"
Question 154,Chapter 32,"A client with BP 186/118 mm Hg has glucose 248 mg/dL, LDL 181 mg/dL, BUN 34 mg/dL, creatinine 2.4 mg/dL (baseline 1.0), and new urine protein. Which finding most directly supports acute renal involvement?",The elevated LDL together with the elevated blood glucose,The creatinine increase together with new protein in the urine,The systolic BP together with a family history of hypertension,The elevated glucose together with a history of cigarette smoking,B,"A rising creatinine and new proteinuria point to impaired kidney function and renal injury. Hyperglycemia, dyslipidemia, smoking, and family history increase vascular risk but do not by themselves demonstrate acute renal dysfunction. (Source: Ch31 slides 27, 118; teacher outline: full data-set interpretation.)"
Question 155,Chapter 32,"During treatment of a hypertensive emergency, BP improves to the prescribed range. The client becomes harder to arouse, and urine output falls from 45 to 12 mL in the last hour. What is the nurse's best response?",Document that the BP goal has been reached and continue routine observations,Encourage sleep because fatigue is expected when the BP begins to decrease,Immediately reassess perfusion and alert the treating team about the deterioration,Offer additional oral fluids and wait for the next scheduled laboratory results,C,"A better BP number does not establish adequate organ perfusion. Decreasing alertness and oliguria indicate possible worsening cerebral and renal perfusion and need prompt evaluation. Oral fluids or delayed reassessment do not address the acute change. (Source: Ch31 slides 27, 123, 130–131; teacher outline: evaluating response.)"
Question 156,Chapter 32,"A client says, ""My BP has been normal for a week, so I will take my medication only when I get a headache."" Which response is best?",Checking for a headache is a reasonable way to decide when the next dose is needed,Normal readings may reflect treatment; continue the prescribed schedule and follow the provider's hold instructions,Skip medication on normal-BP days and take an extra dose if the pressure rises,"After a week of normal readings, lifestyle measures can replace the prescription",B,"Hypertension is often asymptomatic, and controlled readings may mean the medication is working. Consistent use, within prescribed parameters, helps prevent organ injury. Symptom-based dosing, doubling doses, or stopping without guidance can disrupt control. (Source: Ch31 slides 25, 29, 125; teacher outline: adherence.)"
Question 157,Chapter 32,A client started on antihypertensive therapy feels dizzy immediately after standing. The nurse assists the client back to a safe seated position. Which teaching should follow?,Sit at the bedside before standing and rise slowly with assistance if dizzy,Avoid walking during the day so the medication can reach its full effect,Take the next dose early to prevent another episode of dizziness,Restrict all fluids for the rest of the day to stabilize the circulation,A,"Slow position changes reduce falls associated with orthostatic symptoms. Ongoing symptoms require assessment, but prolonged inactivity, an extra or early dose, and indiscriminate fluid restriction do not correct the problem and may worsen risk. (Source: Ch31 slides 124; teacher outline: orthostatic safety.)"
Question 158,Chapter 32,"A client is prescribed the course's 1,600-mg daily sodium limit. Breakfast contained 350 mg, lunch 480 mg, and a snack 170 mg. Which dinner meets the remaining daily allowance?",A dinner labeled as containing 640 mg of sodium,A dinner labeled as containing 720 mg of sodium,A dinner labeled as containing 810 mg of sodium,A dinner labeled as containing 560 mg of sodium,D,"The client has consumed 350 + 480 + 170 = 1,000 mg, leaving 600 mg. The 560-mg dinner gives a daily total of 1,560 mg. Each other dinner would exceed the specifically prescribed 1,600-mg limit. (Source: Ch31 slides 28–29; teacher outline: DASH sodium target.)"
Question 159,Chapter 32,A client asks why years of poorly controlled hypertension can eventually weaken the left ventricle. Which explanation is most accurate?,The ventricle receives less venous blood because hypertension consistently lowers circulating volume,"The ventricle pumps against increased resistance, which can cause remodeling and eventual dysfunction",The ventricle stops relaxing because high BP prevents the atrioventricular valves from opening,The ventricle becomes weaker because hypertension initially eliminates its need to contract forcefully,B,"Chronic elevation of vascular resistance increases afterload and cardiac workload. Over time, ventricular remodeling can progress to impaired pumping. This mechanism is not explained by reliably decreased circulating volume, valve closure, or reduced work. (Source: Ch31 slides 24, 26; teacher outline: hypertension complications.)"
Question 160,Chapter 32,"A 68-year-old client has high LDL, smokes daily, rarely exercises, and has a parent who died of a stroke. Which plan best addresses modifiable atherosclerosis risks?",Focus on the family history because inherited risk makes lifestyle changes ineffective,Delay changes until leg pain or chest pain confirms that plaque is affecting blood flow,"Set a smoking-cessation plan, increase appropriate activity, and follow lipid-lowering treatment",Replace the statin with exercise once the client can walk without shortness of breath,C,"Smoking, activity, and dyslipidemia are modifiable risks. Age and family history cannot be changed, but they do not make prevention futile. Atherosclerosis can be asymptomatic; medication changes should not be made solely because exercise is tolerated. (Source: Ch31 slides 3, 7, 14; teacher outline: risk factors.)"
Question 161,Chapter 32,Repeated measurements show right-arm BP 166/90 mm Hg and left-arm BP 138/84 mm Hg. The left radial pulse is weaker. Which interpretation is most appropriate?,The difference is an expected age-related finding that does not require documentation,The lower left-arm reading proves that the systemic hypertension has resolved,The pattern most strongly indicates venous valve failure in the left arm,The pattern suggests arterial narrowing affecting the left arm and needs further evaluation,D,"A persistent systolic difference of 28 mm Hg with a weaker pulse suggests impaired arterial inflow on the lower-pressure side. The slides identify differences greater than 15–20 mm Hg as concerning for subclavian stenosis. This is not diagnostic by itself. (Source: Ch31 slides 12, 45; teacher outline: arterial narrowing.)"
Question 162,Chapter 32,"While assessing a client with vascular disease, a student prepares to palpate both carotid arteries at the same time. What should the supervising nurse do?",Stop the maneuver and assess one carotid artery at a time,Allow the maneuver because equal bilateral pressure improves pulse comparison,Ask the student to press more firmly to distinguish a pulse from a bruit,Replace pulse assessment with a calf circumference measurement,A,"The slides specifically caution against simultaneous carotid palpation because it can compromise cerebral blood flow. Assess one side at a time and auscultate for bruits; a bruit is a sound, not something identified by firmer palpation. (Source: Ch31 slides 12; teacher outline: vascular assessment.)"
Question 163,Chapter 32,A client reports calf cramping after walking two blocks. The discomfort resolves within several minutes of stopping and returns at about the same walking distance. The foot is cool with diminished pulses. Which condition best explains the pattern?,Chronic venous insufficiency producing dependent edema,An acute deep vein thrombosis producing venous obstruction,Peripheral arterial disease producing intermittent claudication,A ruptured aortic aneurysm producing sudden blood loss,C,"Reproducible exertional calf pain relieved by rest is intermittent claudication. Cool skin and diminished pulses further support arterial insufficiency. Venous pain more often accompanies edema and dependency; the described stable pattern does not suggest acute rupture or DVT. (Source: Ch31 slides 34, 45; study guide: PAD versus CVI.)"
Question 164,Chapter 32,"For an ABI assessment, the higher right-ankle systolic pressure is 84 mm Hg. Brachial systolic pressures are 140 mm Hg on the right and 126 mm Hg on the left. Which result should the nurse report?","ABI 0.67, showing normal arterial perfusion","ABI 0.60, supporting peripheral arterial disease","ABI 1.50, supporting normal venous valve function","ABI 1.67, confirming deep vein thrombosis",B,"Use the higher brachial pressure: 84 / 140 = 0.60. This is below the slide threshold of 0.9 and supports PAD. ABI evaluates arterial perfusion; it does not diagnose DVT or measure venous valve function. (Source: Ch31 slides 35–36, 45; teacher outline: ABI.)"
Question 165,Chapter 32,A client with PAD says foot pain now wakes them from sleep and occurs even without walking. A toe ulcer has not healed. Which interpretation should the nurse prioritize?,An expected effect of improved collateral circulation requiring reassurance,Uncomplicated intermittent claudication requiring only scheduled rest breaks,Isolated venous insufficiency requiring immediate high-pressure compression,Progression to severe chronic ischemia requiring prompt vascular evaluation,D,"Rest pain and nonhealing ulceration suggest sustained severe arterial insufficiency, beyond uncomplicated exertional claudication. The slides associate these findings with critical limb ischemia and risk of tissue loss. Compression should not be initiated indiscriminately in severe arterial disease. (Source: Ch31 slides 42, 44; study guide: arterial ulcers.)"
Question 166,Chapter 32,A client with known arterial insufficiency reports increased foot pain when the nurse places both legs on pillows above heart level. Which action is most appropriate?,Lower the affected leg to a slightly dependent position and reassess pain and perfusion,Add another pillow to increase the pressure gradient for venous drainage,Apply a tight elastic wrap before lowering the foot to mattress level,Keep the legs elevated until the pain resolves because pallor is expected,A,"A slightly dependent position can support arterial flow in PAD. Elevation above the heart may worsen ischemic pain and pallor. Tight wrapping may further compromise flow; persistent or worsening pain still requires assessment. (Source: Ch31 slides 38, 46; teacher outline: arterial positioning.)"
Question 167,Chapter 32,"One hour after femoral artery angioplasty, a client develops sudden severe foot pain and numbness. The foot is pale and cold, and the previously detectable pedal Doppler signal is absent. What should the nurse do first?",Elevate the limb above heart level and reassess in one hour,Notify the vascular team immediately for suspected acute limb ischemia,Encourage the client to walk to improve collateral circulation,Administer the PRN analgesic and defer reassessment until it takes effect,B,"New pain, sensory change, pallor, coldness, and loss of a previously present signal indicate an acute perfusion emergency after intervention. Urgent vascular evaluation is needed to protect the limb. Waiting for analgesia, walking, or elevation delays treatment. (Source: Ch31 slides 40–42, 45; teacher outline: postprocedure acute limb ischemia.)"
Question 168,Chapter 32,A client with PAD has reduced sensation in both feet. Which statement indicates that discharge teaching has been understood?,I will check my feet only when they hurt because pain is the earliest sign of injury,I will cross my legs while seated to keep pressure off the bottoms of my feet,I will wait until my next monthly visit to mention a new sore if it is painless,I will inspect the soles and between my toes every day and report new skin breaks,D,"Daily inspection includes soles and spaces between toes because reduced sensation can hide injury. New skin breakdown needs timely attention in poorly perfused tissue. Crossing legs can further impair circulation, and absence of pain does not establish safety. (Source: Ch31 slides 47; study guide: PAD nursing care.)"
Question 169,Chapter 32,A client with PAD asks why both clopidogrel and a statin are prescribed. Which explanation best connects the medications to the disease?,"Clopidogrel reduces platelet aggregation, while the statin addresses lipid-related vascular risk","Clopidogrel dissolves established plaque, while the statin immediately opens blocked arteries","Clopidogrel repairs venous valves, while the statin prevents lower-leg fluid pooling","Clopidogrel replaces activity therapy, while the statin eliminates the need to stop smoking",A,"The drugs address different contributors to atherosclerotic disease: platelet-related clot formation and lipid-related risk. Neither immediately removes an established obstruction, repairs venous valves, or replaces exercise and smoking cessation. (Source: Ch31 slides 39, 46; teacher outline: PAD management.)"
Question 170,Chapter 32,The nurse must decide which client needs urgent follow-up. Which finding is most concerning?,A client with stable claudication who stops briefly during a prescribed walk,A client with venous insufficiency whose ankle swelling decreases with elevation,A client with PAD whose toe ulcer has enlarged and developed black tissue,A client after PAD teaching who reports inspecting both feet each evening,C,"An enlarging ulcer with black tissue suggests tissue necrosis from severe ischemia and threatens limb viability. Stable exertional symptoms, reduced venous edema, and daily foot inspection do not indicate the same deterioration. (Source: Ch31 slides 9, 42, 47; study guide: arterial versus venous findings.)"
Question 171,Chapter 32,A client with carotid stenosis calls the clinic after a 10-minute episode of slurred speech and left-arm weakness that has now resolved. Which instruction is best?,Schedule a routine follow-up because symptom resolution excludes a stroke risk,Take the next statin dose early and call back if symptoms last more than an hour,Rest at home and avoid reporting another episode unless consciousness is lost,Seek emergency evaluation now because transient deficits may be a TIA,D,"Transient focal deficits may represent a TIA and warn of stroke risk even when they resolve. Prompt emergency evaluation is appropriate. Waiting for prolonged symptoms or loss of consciousness can delay time-sensitive care. (Source: Ch31 slides 53, 59, 66; teacher outline: stroke warning signs.)"
Question 172,Chapter 32,"Two hours after carotid endarterectomy, the nurse notes increasing neck swelling, stridor, and falling oxygen saturation. Which action has priority?",Place the head in a neutral position and recheck the incision at the next observation,Test tongue movement and shoulder strength before contacting the surgical team,Activate emergency assistance and prepare for airway management while notifying the surgeon,Encourage oral fluids to loosen secretions and reassess the breathing sounds,C,"An expanding neck hematoma can compress the trachea after CEA. Stridor and falling oxygen saturation require immediate airway-focused escalation. Positioning and cranial nerve checks matter, but they must not delay management of threatened ventilation. (Source: Ch31 slides 62; study guide: post-CEA complications.)"
Question 173,Chapter 32,"After carotid endarterectomy, a client has clear breath sounds, stable oxygen saturation, and no neck swelling, but develops new hoarseness and coughs when offered water. Which action is best?",Continue thin liquids in larger sips to determine whether coughing improves,"Stop oral intake, assess swallowing and airway safety, and notify the provider",Document the changes as expected and resume the regular diet,Keep the head turned toward the incision during feeding,B,"New hoarseness and swallowing difficulty may reflect vagus nerve involvement after CEA and create aspiration risk. Stop intake and obtain prompt evaluation. Stable oxygen saturation does not prove swallowing is safe, and larger sips increase risk. (Source: Ch31 slides 62; study guide: cranial nerve X.)"
Question 174,Chapter 32,The nurse checks cranial nerve function after carotid endarterectomy. Which assessment combination best matches the nerves emphasized in the teacher outline?,"Ask the client to smile, assess voice and swallowing, shrug shoulders, and protrude the tongue","Check pupil size, visual acuity, hearing, and the patellar reflex","Check near vision, extraocular movements, ankle strength, and smell","Assess the plantar reflex, grip strength, hearing, and abdominal sensation",A,"The outline emphasizes VII, X, XI, and XII: facial movement; voice/swallowing; shoulder shrug; and tongue movement. Other neurologic checks can be valuable, but the alternate combinations do not specifically assess this set. (Source: Ch31 slides 62; teacher outline and study guide: post-CEA cranial nerves.)"
Question 175,Chapter 32,"After carotid artery stenting, a client's BP falls to 82/48 mm Hg with new lightheadedness. The airway is patent, SpO2 is 97%, and lungs are clear. Which action is appropriate while the provider is urgently notified?",Raise the head of the bed to 90 degrees and restrict all IV fluids,Administer the scheduled antihypertensive to reduce carotid stimulation,Position the client flat as tolerated and prepare prescribed fluids or vasoactive support,Assist the client to walk and reassess the pressure after activity,C,"Post-carotid hypotension can compromise cerebral perfusion. With no respiratory contraindication described, the course recommends flat positioning and anticipated fluid or vasoactive support. Antihypertensive medication and upright activity may worsen the hypotension. (Source: Ch31 slides 62, 64; teacher outline: postprocedure BP.)"
Question 176,Chapter 32,"After carotid endarterectomy, BP is 184/102 mm Hg, above the surgeon's ordered range. The client is alert with no new focal deficits. Which plan is most appropriate?",Keep the head neutral with the head of bed at 30 degrees and implement prescribed BP control,Place the client flat and administer a routine fluid bolus to increase cerebral flow,Rotate the head away from the incision and delay treatment until symptoms appear,Allow the pressure to remain elevated because it always improves cerebral perfusion,A,Post-carotid BP must stay within ordered parameters to protect the repair and cerebral circulation. The slides recommend 30-degree head elevation for hypertension and a neutral head after CEA. Excess BP is not harmless merely because the examination is currently stable. (Source: Ch31 slides 64–65; teacher outline: postprocedure BP.)
Question 177,Chapter 32,A client with chronic kidney disease returns from carotid artery stenting. The client has no fluid restriction or signs of overload. Which addition to routine neurologic and access-site monitoring is most appropriate?,Restrict fluids until the contrast has been completely eliminated,Use normal pedal pulses as evidence that kidney monitoring is unnecessary,Focus only on cranial nerve XII because no contrast is used during stenting,Trend urine output and creatinine and maintain the prescribed hydration plan,D,"Contrast exposure makes renal monitoring particularly important after CAS, especially with existing kidney disease. Follow the individualized hydration plan and watch urine output and renal trends. Peripheral pulses do not assess kidney function, and fluids should not be arbitrarily restricted. (Source: Ch31 slides 62, 65; teacher outline: CAS renal priorities.)"
Question 178,Chapter 32,A client with active cancer develops a DVT after abdominal surgery and several days of limited mobility. Which explanation correctly applies Virchow's triad?,"Cancer causes stasis, surgery lowers coagulability, and immobility directly tears arterial walls","Cancer increases coagulability, surgery can injure endothelium, and immobility causes stasis","Cancer repairs endothelium, surgery increases venous return, and immobility lowers platelet activity","Cancer and immobility affect only arterial plaque, while surgery causes venous valve repair",B,"The three contributors are hypercoagulability, endothelial injury, and venous stasis. Active cancer, surgery, and immobility respectively illustrate these mechanisms and explain why combined risks increase the likelihood of DVT. (Source: Ch31 slides 88–89; teacher outline: Virchow's triad.)"
Question 179,Chapter 32,"A postoperative client develops a newly swollen, warm, tender left calf. Which nursing action is most appropriate?","Compare both legs, notify the provider, and prepare for ordered compression ultrasonography",Massage the tender area and reassess after the muscle relaxes,Perform repeated forceful ankle dorsiflexion to confirm a positive Homan sign,Apply an SCD to the symptomatic leg while awaiting the next routine assessment,A,"New unilateral swelling, warmth, and tenderness raise concern for DVT. Compare findings and obtain prompt evaluation with appropriate imaging. Homan sign is unreliable; massage and mechanical compression of the suspicious limb are not appropriate diagnostic responses. (Source: Ch31 slides 91–92, 99–100; teacher outline: DVT recognition.)"
Question 180,Chapter 32,Ultrasound confirms an acute DVT in a client's left leg. Which order should the nurse clarify before implementation?,Administer the prescribed anticoagulant after required safety checks,"Monitor for hematuria, bloody stool, and falling hemoglobin",Elevate the affected leg when resting as prescribed,Apply sequential compression to the left leg,D,"The course specifically identifies SCD use on a limb with a confirmed acute DVT as an order requiring clarification. Anticoagulation, bleeding surveillance, and appropriate resting elevation are consistent with the chapter's management plan. (Source: Ch31 slides 99–100; teacher outline: SCD safety.)"
Question 181,Chapter 32,A client with unilateral calf swelling has an elevated D-dimer after recent surgery. Which interpretation is most accurate?,The result proves the clot is in the symptomatic calf and makes ultrasound unnecessary,The result distinguishes a deep venous clot from an arterial embolus without other testing,The result does not confirm DVT; imaging is needed because other conditions can elevate D-dimer,The result proves a pulmonary embolism is present even without respiratory findings,C,"D-dimer reflects fibrin breakdown and can be elevated for reasons other than DVT, including recent surgery. It does not locate a clot or independently establish DVT or PE. Compression ultrasound is used to evaluate suspected leg DVT. (Source: Ch31 slides 92, 99; NHLBI: DVT diagnostic clarification.)"
Question 182,Chapter 32,"A hospitalized client with a proximal DVT suddenly develops dyspnea, pleuritic chest pain, HR 124/min, and SpO2 86%. Which action should the nurse take first?",Increase leg elevation and reassess the oxygen saturation in 30 minutes,Activate emergency assistance and provide oxygen while urgently assessing for pulmonary embolism,Encourage a hallway walk to reduce venous stasis before calling the provider,Give the next scheduled oral anticoagulant and wait for symptom improvement,B,"Acute hypoxemia and cardiopulmonary symptoms in a client with DVT suggest PE. Emergency escalation and oxygenation take priority. Leg positioning and scheduled medication do not address the immediate threat to gas exchange and circulation. (Source: Ch31 slides 90, 96, 99; teacher outline: DVT-to-PE connection.)"
Question 183,Chapter 32,"A client receiving IV unfractionated heparin for DVT has aPTT above the protocol range, new gross hematuria, and hemoglobin that falls from 12.1 to 9.2 g/dL. Which response is best?",Continue the infusion because a prolonged aPTT is always the desired treatment response,Increase the infusion because hematuria indicates that the clot is dissolving,Wait for the next scheduled laboratory draw because bruising is the only serious bleeding sign,Stop or hold the infusion per bleeding protocol and notify the provider immediately,D,"The combination of visible bleeding, falling hemoglobin, and excessive anticoagulation needs immediate intervention under protocol. Some prolongation may be therapeutic, but a value above range with bleeding is not a successful outcome. Hematuria is not evidence of clot dissolution. (Source: Ch31 slides 94, 99, 101; study guide: DVT care.)"
Question 184,Chapter 32,A stable client with DVT has started therapeutic anticoagulation and is cleared to ambulate. Which statement indicates a need for further teaching?,I will take my anticoagulant as prescribed and keep required follow-up appointments,I should stay in bed until every trace of the clot has disappeared,I will take movement breaks and do leg exercises during long trips,I will report blood in my urine or stool while taking this medication,B,"The chapter supports appropriate early ambulation rather than routine prolonged bed rest. This client has been treated and cleared for activity. Adherence, movement during travel, and recognition of bleeding are appropriate teaching points. (Source: Ch31 slides 100–102; teacher outline: DVT management.)"
Question 185,Chapter 32,"A client has chronic ankle edema, brown lower-leg pigmentation, and a shallow draining ulcer near the medial ankle. The foot is warm and pedal pulses are present. Which condition best fits?",Chronic venous insufficiency,Acute peripheral arterial occlusion,Rupture of an abdominal aortic aneurysm,Isolated carotid artery stenosis,A,"Edema, brown pigmentation, a shallow medial-ankle ulcer, warmth, and preserved pulses favor venous insufficiency. Arterial disease more often produces coolness, reduced pulses, and distal ischemic ulcers. The other conditions do not explain this local chronic pattern. (Source: Ch31 slides 103–105, 113; study guide: PAD versus CVI.)"
Question 186,Chapter 32,"A client with chronic venous insufficiency stands at work for long periods. Arterial perfusion has been assessed as adequate, and compression is prescribed. Which plan best addresses the cause of the symptoms?",Keep the legs dependent throughout the evening and avoid compression,Remain completely inactive after work to prevent calf-muscle contraction,"Use prescribed compression, take movement breaks, and elevate the legs when resting",Reduce skin care because covering the skin prevents venous drainage,C,"Venous valve failure promotes pooling. Prescribed compression, calf-muscle activity, avoidance of prolonged standing, and elevation support venous return and reduce edema. Dependency and inactivity worsen pooling; skin care protects vulnerable tissue. (Source: Ch31 slides 104, 107, 114–115; teacher outline: CVI management.)"
Question 187,Chapter 32,"A client labeled as having venous insufficiency is scheduled for a compression wrap. Today the foot is cold and pale, pedal pulses are absent, and pain worsens with elevation. What should the nurse do?",Apply the wrap more tightly because absent pulses indicate excess venous pooling,Withhold the wrap and obtain prompt evaluation of arterial perfusion,Elevate the foot higher and wait until tomorrow to reassess the pulses,Document the findings as typical venous insufficiency and proceed with the wrap,B,"Coldness, pallor, absent pulses, and elevation-related pain indicate an arterial problem rather than uncomplicated venous disease. Compression should be withheld pending evaluation because it could further compromise perfusion. New severe ischemic findings require urgent attention. (Source: Ch31 slides 45–46, 105, 107; study guide: arterial versus venous comparison.)"
Question 188,Chapter 32,"At follow-up after treatment for chronic venous insufficiency, which finding best indicates that the care plan is working?",Persistent severe swelling with a new open area near the ankle,A newly cool foot with a weaker pedal pulse than at the previous visit,Less ankle edema and a smaller ulcer with no surrounding redness,Increased drainage accompanied by fever and spreading warmth,C,"Reduced edema, healing skin, and no signs of infection support improvement. New ulceration, arterial perfusion changes, or fever with spreading warmth suggest complications rather than successful venous management. Old pigmentation may persist despite improvement. (Source: Ch31 slides 110, 113, 116; teacher outline: CVI outcomes.)"
Question 189,Chapter 32,"A client with a known abdominal aortic aneurysm develops sudden severe abdominal and back pain, BP 78/44 mm Hg, and HR 132/min. Which action has priority?",Activate emergency response and prepare for urgent vascular intervention,Give the routine oral antihypertensive and repeat the BP in one hour,Encourage ambulation to determine whether the pain is musculoskeletal,Schedule an outpatient ultrasound to compare the aneurysm with its previous size,A,"Sudden pain plus hypotension and tachycardia in a client with an aneurysm suggests rupture with major blood loss. Immediate emergency and vascular management is needed. Routine outpatient monitoring, walking, and a scheduled antihypertensive would delay or worsen care. (Source: Ch31 slides 72, 78, 83; Chapter 31 slides: aortic aneurysm.)"
Question 190,Chapter 32,"A client with an asymptomatic aortic aneurysm says, ""I feel fine, so I can skip my BP medicine and the next ultrasound."" Which response is best?","Medication is only necessary after back pain starts, but imaging can continue yearly if convenient","Normal daily activity proves the aneurysm is stable, so both treatments can be postponed","The statin permanently repairs the weakened vessel wall, making future imaging unnecessary","BP control limits stress on the vessel, and scheduled imaging can detect growth before symptoms occur",D,"Aneurysms may be asymptomatic before a serious complication. BP management reduces stress on the vessel wall, and surveillance tracks growth. Lack of pain does not establish stability, and statins do not repair the aneurysm or replace follow-up. (Source: Ch31 slides 72, 75, 84–85; Chapter 31 slides: aneurysm teaching.)"
Question 191,Chapter 32,"Brian More presents with BP 180/122 mm Hg, headache, blurry vision, BUN 28 mg/dL, creatinine 2.2 mg/dL, and urine protein. Which explanation best supports the case study's classification as a hypertensive emergency rather than urgency?",The diastolic BP alone establishes an emergency regardless of the other assessment findings,His elevated LDL and triglycerides establish that an acute stroke has already occurred,The severe BP elevation is accompanied by findings concerning for target-organ injury,His history of DVT establishes that a pulmonary embolism is causing the high BP,C,"The teacher outline distinguishes emergency from urgency by evidence of acute target-organ involvement, not the pressure alone. In the supplied case, visual symptoms and renal abnormalities support that concern. Dyslipidemia and previous DVT are risk/history findings, not proof of an acute stroke or PE. The case does not provide a baseline creatinine, so the nurse should evaluate the complete presentation rather than infer an acute change from that value alone. (Sources: Chapter 31 Brian More case study; teacher outline, Chapter 31. Outline focus: Recognize cues; distinguish emergency from urgency. Slides 118, 121, 126–127.)"
Question 192,Chapter 32,"Brian's admission results include fasting glucose 250 mg/dL, LDL 180 mg/dL, HDL 30 mg/dL, triglycerides 300 mg/dL, BUN 28 mg/dL, creatinine 2.2 mg/dL, and positive urine protein. Which handoff statement most accurately separates probable organ involvement from vascular risk?",The renal results suggest kidney involvement; the lipid pattern and hyperglycemia add vascular risk,The lipid results establish acute kidney injury; the renal results mainly predict future plaque formation,The glucose result establishes retinal hemorrhage; the lipid results confirm left ventricular hypertrophy,"All of these results are risk factors only, so none warrants assessment for current organ damage",A,"Elevated BUN and creatinine with proteinuria support probable renal involvement. Dyslipidemia and hyperglycemia increase vascular risk but do not independently diagnose retinal hemorrhage or left ventricular hypertrophy. The outline specifically calls for interpreting the full data set to distinguish probable damage from risk. (Sources: Chapter 31 Brian More case study; teacher outline, Chapter 31. Outline focus: Analyze the complete laboratory data set. Slides 118–119.)"
Question 193,Chapter 32,"Brian has persistent BP 180/122 mm Hg with headache and blurry vision. His SpO2 is 96%, and he has no respiratory distress. The prescribed plan includes treatment of his crisis BP, a routine fingerstick, and his daily statin. Which nursing priority best follows the teacher outline?",Obtain the routine fingerstick first because any glucose above 200 mg/dL outweighs symptomatic hypertension,Administer his daily statin first because lowering LDL will immediately correct the crisis BP,Begin routine oxygen first because oxygen takes priority even when oxygenation is adequate,Implement the prescribed crisis-BP treatment with close monitoring before routine glucose and lipid-related tasks,D,"The outline prioritizes treatment of symptomatic crisis BP over routine statin administration and routine glucose checks. His stated oxygenation and breathing do not create an immediate oxygenation priority. Glucose monitoring remains necessary, but this case gives no signs of a competing acute glucose emergency. Use the prescribed emergency plan and monitoring; this item tests priority, not a universal drug or route. (Sources: Chapter 31 Brian More case study; teacher outline, Chapter 31. Outline focus: Sequence orders during the symptomatic crisis. Slides 118, 122, 130.)"
Question 194,Chapter 32,A nurse plans admission monitoring for Brian while his symptomatic hypertension is treated. Which plan most completely follows the teacher outline?,Frequent BP and HR checks with neurologic and renal assessment deferred until the BP becomes normal,"Frequent BP and HR checks, strict intake/output, glucose monitoring, and neurologic/cranial nerve screening","Daily lipid testing, weekly weights, and an end-of-shift BP check while the medications take effect",Continuous oxygen saturation monitoring with glucose and urine output checked only if he becomes confused,B,"The teacher outline explicitly includes vital signs, intake/output, glucose, and neurologic/cranial nerve screening during the crisis. These monitor hemodynamic response, renal status, diabetes, and possible cerebral complications. Follow that broader outline even though the original slide multiple-response item emphasizes vital signs, intake/output, and glucose. (Sources: Chapter 31 Brian More case study; teacher outline, Chapter 31. Outline focus: Plan priority assessments during a hypertensive crisis. Slides 123, 130; teacher outline governs the full assessment set.)"
Question 195,Chapter 32,Brian asks why the nurse measures his urine output carefully when he came to the hospital for high BP. Which explanation best fits his case?,Your high LDL means urine output is the most accurate way to measure the amount of plaque in your arteries,"Your kidney tests and urine protein suggest kidney involvement, so output helps us follow renal perfusion and treatment response",Your glucose level means every increase in urine output proves that the kidney damage has resolved,Your past DVT means urine output is the preferred test for detecting a new clot in your leg,B,"Brian has elevated BUN and creatinine plus proteinuria. Strict intake/output supports assessment of kidney function and perfusion and helps evaluate the response to the prescribed diuretic and BP treatment. Output must be interpreted with laboratory trends and the rest of the assessment; increased urination alone does not prove recovery. (Sources: Chapter 31 Brian More case study; teacher outline, Chapter 31. Outline focus: Connect renal findings to strict intake/output monitoring. Slides 118, 119, 123.)"
Question 196,Chapter 32,"One hour after Brian receives his prescribed diuretic and antihypertensives, BP falls from 180/100 to 150/90 mm Hg. Two days later it is 125/80, HR is 72/min, and BUN and creatinine have normalized. Which conclusion is best?",The normal BP establishes that all retinal and ventricular changes have already disappeared,The lower HR alone proves that the renal abnormalities no longer need follow-up,"The combined BP, HR, and renal trends support an effective treatment response, with continued long-term management needed",The normal renal tests show that BP medication can now be replaced by the statin alone,C,"The outline defines improvement through BP and HR normalization together with renal laboratory improvement. These combined trends support treatment effectiveness. They do not establish reversal of structural heart or retinal damage and do not justify stopping prescribed therapy. (Sources: Chapter 31 Brian More case study; teacher outline, Chapter 31. Outline focus: Evaluate response using BP, HR, and renal trends. Slides 119, 131.)"
Question 197,Chapter 32,"Brian's BP and kidney laboratory results improve, but testing shows left ventricular hypertrophy and retinal damage. His daughter asks whether normal BP means follow-up is no longer needed. Which response is best?","Improved BP reduces further injury, but existing heart and eye changes still require ongoing treatment and follow-up","Once kidney laboratory results normalize, the heart and retinal changes are considered resolved as well",Only the eye findings need follow-up because ventricular hypertrophy does not relate to chronic hypertension,Follow-up can wait until he again develops headaches because symptoms reliably indicate uncontrolled BP,A,"The case identifies ventricular hypertrophy and retinal damage despite improved BP and renal results. The outline emphasizes preventing progression through consistent treatment and follow-up. Hypertension can be asymptomatic, and improvement in one organ system does not prove recovery in every affected organ. (Sources: Chapter 31 Brian More case study; teacher outline, Chapter 31. Outline focus: Interpret organ damage and the need for continued management. Slides 119–120; outline: hypertension complications and adherence.)"
Question 198,Chapter 32,"During discharge teaching, Brian says, ""Both my parents died from strokes, so changing my habits probably will not help."" Which response best addresses his case-specific risks?","Because both parents had strokes, only his inherited risk matters when planning prevention","His statin removes the vascular effects of smoking, so tobacco cessation is a lower-value goal","Once his BP is controlled, his glucose and lipid levels no longer contribute to vascular risk","Family history cannot be changed, but stopping smoking and managing BP, lipids, glucose, and activity can reduce additional risk",D,"Brian has a strong family history plus modifiable risks, including smoking, hypertension, dyslipidemia, diabetes, obesity, and inactivity when present. The outline emphasizes addressing modifiable risks despite age or genetic risk. Medication does not cancel tobacco exposure or make glucose and lipid management unnecessary. (Sources: Chapter 31 Brian More case study; teacher outline, Chapter 31. Outline focus: Teach smoking cessation and distinguish modifiable from nonmodifiable risks. Slides 117–120, 124, 128.)"
Question 199,Chapter 32,"Brian and his daughter are planning meals after discharge. His teaching plan follows the teacher outline's approximately 1,600-mg daily sodium target. Which statement shows the best understanding?","We will avoid the saltshaker, so sodium listed on packaged foods does not need to be counted","We will allow 1,600 mg at each meal because the limit applies separately to breakfast, lunch, and dinner","We will add the sodium in all servings eaten each day and favor fruits, vegetables, and foods low in saturated fat",We will focus only on avoiding sugar because the DASH plan does not address sodium or fat,C,"The outline specifies an approximately 1,600-mg daily sodium target, not a per-meal allowance. Total sodium includes packaged foods and every serving consumed. DASH teaching also emphasizes fruits, vegetables, and lower saturated fat. Diabetes management and BP-focused nutrition both remain relevant for Brian. (Sources: Chapter 31 Brian More case study; teacher outline, Chapter 31. Outline focus: Apply DASH and daily sodium teaching. Slides 28–29, 120, 124.)"
Question 200,Chapter 32,"At discharge, Brian explains how he will manage his medications and activity. Which statement requires the nurse to reteach the plan before he leaves?","I will sit up first and stand slowly, and I will ask for help if I become dizzy","If I feel well and my home BP is normal, I will skip the BP drugs and restart them when I have a headache",I will record my home BP and bring the readings to the planned follow-up visits,I will take the medications on the prescribed schedule and follow any specific hold instructions,B,"Symptom-based or occasional dosing conflicts with the teacher outline. Normal readings may reflect effective medication, and hypertension can cause damage without symptoms. Slow position changes, home monitoring, planned follow-up, and adherence within prescribed parameters fit Brian's discharge plan. (Sources: Chapter 31 Brian More case study; teacher outline, Chapter 31. Outline focus: Assess adherence and orthostatic safety through teach-back. Slides 120, 124–125.)"
